SET session_replication_role = replica;

--
-- PostgreSQL database dump
--

-- Dumped from database version 15.1 (Ubuntu 15.1-1.pgdg20.04+1)
-- Dumped by pg_dump version 15.7 (Ubuntu 15.7-1.pgdg20.04+1)

SET statement_timeout = 0;
SET lock_timeout = 0;
SET idle_in_transaction_session_timeout = 0;
SET client_encoding = 'UTF8';
SET standard_conforming_strings = on;
SELECT pg_catalog.set_config('search_path', '', false);
SET check_function_bodies = false;
SET xmloption = content;
SET client_min_messages = warning;
SET row_security = off;

--
-- Data for Name: audit_log_entries; Type: TABLE DATA; Schema: auth; Owner: supabase_auth_admin
--

INSERT INTO "auth"."audit_log_entries" ("instance_id", "id", "payload", "created_at", "ip_address") VALUES
	('00000000-0000-0000-0000-000000000000', '72a9f903-0ebd-4c6f-a968-ba110e380922', '{"action":"user_signedup","actor_id":"00000000-0000-0000-0000-000000000000","actor_username":"service_role","actor_via_sso":false,"log_type":"team","traits":{"user_email":"rarira@gmail.com","user_id":"de351e75-782e-4df7-9c1f-6c388c80276d","user_phone":""}}', '2024-05-03 04:01:01.757199+00', ''),
	('00000000-0000-0000-0000-000000000000', '5c179f49-3620-47a7-81f2-beb1a414bc50', '{"action":"login","actor_id":"de351e75-782e-4df7-9c1f-6c388c80276d","actor_username":"rarira@gmail.com","actor_via_sso":false,"log_type":"account","traits":{"provider":"email"}}', '2024-05-03 04:03:46.244641+00', ''),
	('00000000-0000-0000-0000-000000000000', '3cd49dff-6837-4353-a46c-00f99a22b763', '{"action":"login","actor_id":"de351e75-782e-4df7-9c1f-6c388c80276d","actor_username":"rarira@gmail.com","actor_via_sso":false,"log_type":"account","traits":{"provider":"email"}}', '2024-05-03 04:56:18.490535+00', ''),
	('00000000-0000-0000-0000-000000000000', '176841e0-a13b-4f6e-88a6-837cb8cd48fb', '{"action":"token_refreshed","actor_id":"de351e75-782e-4df7-9c1f-6c388c80276d","actor_username":"rarira@gmail.com","actor_via_sso":false,"log_type":"token"}', '2024-05-03 05:17:55.576365+00', ''),
	('00000000-0000-0000-0000-000000000000', 'f2d2d54a-a99d-4190-970a-4d00995183c5', '{"action":"token_revoked","actor_id":"de351e75-782e-4df7-9c1f-6c388c80276d","actor_username":"rarira@gmail.com","actor_via_sso":false,"log_type":"token"}', '2024-05-03 05:17:55.576987+00', ''),
	('00000000-0000-0000-0000-000000000000', '7d525d98-2976-41fc-9468-aaac7c59a342', '{"action":"token_refreshed","actor_id":"de351e75-782e-4df7-9c1f-6c388c80276d","actor_username":"rarira@gmail.com","actor_via_sso":false,"log_type":"token"}', '2024-05-06 08:47:04.832656+00', ''),
	('00000000-0000-0000-0000-000000000000', '5f70b1ef-0a68-472d-912c-4e121146b665', '{"action":"token_revoked","actor_id":"de351e75-782e-4df7-9c1f-6c388c80276d","actor_username":"rarira@gmail.com","actor_via_sso":false,"log_type":"token"}', '2024-05-06 08:47:04.841039+00', ''),
	('00000000-0000-0000-0000-000000000000', 'ce9d3ebb-37f9-4a5c-a6b5-34b0c7172a51', '{"action":"logout","actor_id":"de351e75-782e-4df7-9c1f-6c388c80276d","actor_username":"rarira@gmail.com","actor_via_sso":false,"log_type":"account"}', '2024-05-06 09:24:14.034996+00', ''),
	('00000000-0000-0000-0000-000000000000', '5d35ef7a-5857-421a-b08e-746aca7a90ea', '{"action":"login","actor_id":"de351e75-782e-4df7-9c1f-6c388c80276d","actor_username":"rarira@gmail.com","actor_via_sso":false,"log_type":"account","traits":{"provider":"email"}}', '2024-05-06 09:24:22.752246+00', ''),
	('00000000-0000-0000-0000-000000000000', 'c148ebab-2777-45ad-ba99-689e57303adf', '{"action":"logout","actor_id":"de351e75-782e-4df7-9c1f-6c388c80276d","actor_username":"rarira@gmail.com","actor_via_sso":false,"log_type":"account"}', '2024-05-06 09:24:42.229609+00', ''),
	('00000000-0000-0000-0000-000000000000', 'dd113862-5510-46c9-8b84-7389255e369e', '{"action":"login","actor_id":"de351e75-782e-4df7-9c1f-6c388c80276d","actor_username":"rarira@gmail.com","actor_via_sso":false,"log_type":"account","traits":{"provider":"email"}}', '2024-05-06 09:26:54.420689+00', ''),
	('00000000-0000-0000-0000-000000000000', 'd0caf009-27d6-4b27-a511-71978f8ea90a', '{"action":"token_refreshed","actor_id":"de351e75-782e-4df7-9c1f-6c388c80276d","actor_username":"rarira@gmail.com","actor_via_sso":false,"log_type":"token"}', '2024-05-07 01:56:42.046529+00', ''),
	('00000000-0000-0000-0000-000000000000', '09715832-3aa4-4714-acaf-bdd598596564', '{"action":"token_revoked","actor_id":"de351e75-782e-4df7-9c1f-6c388c80276d","actor_username":"rarira@gmail.com","actor_via_sso":false,"log_type":"token"}', '2024-05-07 01:56:42.053976+00', ''),
	('00000000-0000-0000-0000-000000000000', '4595a111-c3de-4b75-b1e8-c173063e3a2a', '{"action":"token_refreshed","actor_id":"de351e75-782e-4df7-9c1f-6c388c80276d","actor_username":"rarira@gmail.com","actor_via_sso":false,"log_type":"token"}', '2024-05-07 06:07:30.679841+00', ''),
	('00000000-0000-0000-0000-000000000000', '2d624117-cf4c-4ca4-a0ab-eec17fbdea88', '{"action":"token_revoked","actor_id":"de351e75-782e-4df7-9c1f-6c388c80276d","actor_username":"rarira@gmail.com","actor_via_sso":false,"log_type":"token"}', '2024-05-07 06:07:30.686483+00', ''),
	('00000000-0000-0000-0000-000000000000', 'bad9cac5-8fdd-45b3-bf20-a68aec288bf0', '{"action":"token_refreshed","actor_id":"de351e75-782e-4df7-9c1f-6c388c80276d","actor_username":"rarira@gmail.com","actor_via_sso":false,"log_type":"token"}', '2024-05-07 09:52:46.432356+00', ''),
	('00000000-0000-0000-0000-000000000000', 'd1d9e94f-da05-4e06-9950-f539d6fac232', '{"action":"token_revoked","actor_id":"de351e75-782e-4df7-9c1f-6c388c80276d","actor_username":"rarira@gmail.com","actor_via_sso":false,"log_type":"token"}', '2024-05-07 09:52:46.444729+00', ''),
	('00000000-0000-0000-0000-000000000000', '38a2a116-db4b-49ff-aa6d-cd1d804b832d', '{"action":"token_refreshed","actor_id":"de351e75-782e-4df7-9c1f-6c388c80276d","actor_username":"rarira@gmail.com","actor_via_sso":false,"log_type":"token"}', '2024-05-07 10:51:37.457666+00', ''),
	('00000000-0000-0000-0000-000000000000', 'fd61c9a8-30da-4d07-b76c-24b6fc0b9c75', '{"action":"token_revoked","actor_id":"de351e75-782e-4df7-9c1f-6c388c80276d","actor_username":"rarira@gmail.com","actor_via_sso":false,"log_type":"token"}', '2024-05-07 10:51:37.458789+00', ''),
	('00000000-0000-0000-0000-000000000000', 'd81fecf4-ea04-4585-b242-f4c4b505e101', '{"action":"token_refreshed","actor_id":"de351e75-782e-4df7-9c1f-6c388c80276d","actor_username":"rarira@gmail.com","actor_via_sso":false,"log_type":"token"}', '2024-05-08 01:38:48.440892+00', ''),
	('00000000-0000-0000-0000-000000000000', 'bbf97450-4195-4a1a-bc68-87dd4b2838ba', '{"action":"token_revoked","actor_id":"de351e75-782e-4df7-9c1f-6c388c80276d","actor_username":"rarira@gmail.com","actor_via_sso":false,"log_type":"token"}', '2024-05-08 01:38:48.448824+00', ''),
	('00000000-0000-0000-0000-000000000000', '21caa444-30b2-4baa-975f-382d29ffda60', '{"action":"token_refreshed","actor_id":"de351e75-782e-4df7-9c1f-6c388c80276d","actor_username":"rarira@gmail.com","actor_via_sso":false,"log_type":"token"}', '2024-05-08 05:20:52.142817+00', ''),
	('00000000-0000-0000-0000-000000000000', 'e3a88eef-8fdf-442e-882a-f8317c79655c', '{"action":"token_revoked","actor_id":"de351e75-782e-4df7-9c1f-6c388c80276d","actor_username":"rarira@gmail.com","actor_via_sso":false,"log_type":"token"}', '2024-05-08 05:20:52.144751+00', ''),
	('00000000-0000-0000-0000-000000000000', 'c0374ef3-281b-4bcd-84b6-6f41b4144ff8', '{"action":"token_refreshed","actor_id":"de351e75-782e-4df7-9c1f-6c388c80276d","actor_username":"rarira@gmail.com","actor_via_sso":false,"log_type":"token"}', '2024-05-08 07:35:37.75724+00', ''),
	('00000000-0000-0000-0000-000000000000', 'fb1c490b-d0c2-4988-a52f-5b93fe8990b4', '{"action":"token_revoked","actor_id":"de351e75-782e-4df7-9c1f-6c388c80276d","actor_username":"rarira@gmail.com","actor_via_sso":false,"log_type":"token"}', '2024-05-08 07:35:37.764999+00', ''),
	('00000000-0000-0000-0000-000000000000', 'bad784a5-b848-4db6-9313-87b7f4f93d00', '{"action":"logout","actor_id":"de351e75-782e-4df7-9c1f-6c388c80276d","actor_username":"rarira@gmail.com","actor_via_sso":false,"log_type":"account"}', '2024-05-08 08:00:55.744972+00', ''),
	('00000000-0000-0000-0000-000000000000', '198ab19a-87e1-4706-9da5-46bce51961da', '{"action":"login","actor_id":"de351e75-782e-4df7-9c1f-6c388c80276d","actor_username":"rarira@gmail.com","actor_via_sso":false,"log_type":"account","traits":{"provider":"email"}}', '2024-05-08 08:02:16.70815+00', ''),
	('00000000-0000-0000-0000-000000000000', '92d27854-8ee5-4d04-a2f3-9eafab40d33f', '{"action":"token_refreshed","actor_id":"de351e75-782e-4df7-9c1f-6c388c80276d","actor_username":"rarira@gmail.com","actor_via_sso":false,"log_type":"token"}', '2024-05-08 09:01:35.978152+00', ''),
	('00000000-0000-0000-0000-000000000000', '8d9bb439-1ae2-455c-a110-02ba480a24ab', '{"action":"token_revoked","actor_id":"de351e75-782e-4df7-9c1f-6c388c80276d","actor_username":"rarira@gmail.com","actor_via_sso":false,"log_type":"token"}', '2024-05-08 09:01:35.983103+00', ''),
	('00000000-0000-0000-0000-000000000000', '09a169f6-9f46-4f5c-ad7d-5ad036950d54', '{"action":"token_refreshed","actor_id":"de351e75-782e-4df7-9c1f-6c388c80276d","actor_username":"rarira@gmail.com","actor_via_sso":false,"log_type":"token"}', '2024-05-08 12:33:54.545749+00', ''),
	('00000000-0000-0000-0000-000000000000', '4db5fd86-d7ad-4e16-b2df-cea1f233d7de', '{"action":"token_revoked","actor_id":"de351e75-782e-4df7-9c1f-6c388c80276d","actor_username":"rarira@gmail.com","actor_via_sso":false,"log_type":"token"}', '2024-05-08 12:33:54.555263+00', ''),
	('00000000-0000-0000-0000-000000000000', '67443c1a-e951-4744-8ecb-0253ac6cf387', '{"action":"token_refreshed","actor_id":"de351e75-782e-4df7-9c1f-6c388c80276d","actor_username":"rarira@gmail.com","actor_via_sso":false,"log_type":"token"}', '2024-05-10 06:30:23.567671+00', ''),
	('00000000-0000-0000-0000-000000000000', 'cdfa35ed-f74f-4f16-bc79-525c6e7576c8', '{"action":"token_revoked","actor_id":"de351e75-782e-4df7-9c1f-6c388c80276d","actor_username":"rarira@gmail.com","actor_via_sso":false,"log_type":"token"}', '2024-05-10 06:30:23.579498+00', ''),
	('00000000-0000-0000-0000-000000000000', '956ca041-1747-44e3-b36f-044645d146b4', '{"action":"token_refreshed","actor_id":"de351e75-782e-4df7-9c1f-6c388c80276d","actor_username":"rarira@gmail.com","actor_via_sso":false,"log_type":"token"}', '2024-05-10 13:28:36.520299+00', ''),
	('00000000-0000-0000-0000-000000000000', '14fd6a5b-1e9f-4fdc-afdb-ed8f532aa7c1', '{"action":"token_revoked","actor_id":"de351e75-782e-4df7-9c1f-6c388c80276d","actor_username":"rarira@gmail.com","actor_via_sso":false,"log_type":"token"}', '2024-05-10 13:28:36.527235+00', ''),
	('00000000-0000-0000-0000-000000000000', '85161110-ddc3-4a5c-891b-bfb1d5b4defa', '{"action":"token_refreshed","actor_id":"de351e75-782e-4df7-9c1f-6c388c80276d","actor_username":"rarira@gmail.com","actor_via_sso":false,"log_type":"token"}', '2024-05-11 07:26:52.906453+00', ''),
	('00000000-0000-0000-0000-000000000000', 'b88debd9-6264-4744-81cc-92c4208e92f4', '{"action":"token_revoked","actor_id":"de351e75-782e-4df7-9c1f-6c388c80276d","actor_username":"rarira@gmail.com","actor_via_sso":false,"log_type":"token"}', '2024-05-11 07:26:52.916648+00', ''),
	('00000000-0000-0000-0000-000000000000', '5436b6f5-8afe-48ba-bfa9-6be5fdd1c13f', '{"action":"token_refreshed","actor_id":"de351e75-782e-4df7-9c1f-6c388c80276d","actor_username":"rarira@gmail.com","actor_via_sso":false,"log_type":"token"}', '2024-05-11 08:47:20.110558+00', ''),
	('00000000-0000-0000-0000-000000000000', '258ef554-125e-481c-847b-8e2d69cfdf49', '{"action":"token_revoked","actor_id":"de351e75-782e-4df7-9c1f-6c388c80276d","actor_username":"rarira@gmail.com","actor_via_sso":false,"log_type":"token"}', '2024-05-11 08:47:20.111425+00', ''),
	('00000000-0000-0000-0000-000000000000', 'aac93935-d1fe-40c4-ae2c-4d3245dc4ed1', '{"action":"token_refreshed","actor_id":"de351e75-782e-4df7-9c1f-6c388c80276d","actor_username":"rarira@gmail.com","actor_via_sso":false,"log_type":"token"}', '2024-05-12 11:11:38.149508+00', ''),
	('00000000-0000-0000-0000-000000000000', '07bc9d7d-deb8-45a8-8cac-0a74315434ee', '{"action":"token_revoked","actor_id":"de351e75-782e-4df7-9c1f-6c388c80276d","actor_username":"rarira@gmail.com","actor_via_sso":false,"log_type":"token"}', '2024-05-12 11:11:38.156947+00', ''),
	('00000000-0000-0000-0000-000000000000', 'b1b1180b-45eb-4c33-8c0c-63643d8bdc18', '{"action":"token_refreshed","actor_id":"de351e75-782e-4df7-9c1f-6c388c80276d","actor_username":"rarira@gmail.com","actor_via_sso":false,"log_type":"token"}', '2024-05-13 01:51:43.331692+00', ''),
	('00000000-0000-0000-0000-000000000000', '394c8722-5233-424a-a73c-466aff9a8f7a', '{"action":"token_revoked","actor_id":"de351e75-782e-4df7-9c1f-6c388c80276d","actor_username":"rarira@gmail.com","actor_via_sso":false,"log_type":"token"}', '2024-05-13 01:51:43.344497+00', ''),
	('00000000-0000-0000-0000-000000000000', 'bc866e57-0a11-4313-9762-554038093eda', '{"action":"token_refreshed","actor_id":"de351e75-782e-4df7-9c1f-6c388c80276d","actor_username":"rarira@gmail.com","actor_via_sso":false,"log_type":"token"}', '2024-05-13 06:40:07.092769+00', ''),
	('00000000-0000-0000-0000-000000000000', '59ac4640-896f-48c5-a6e7-6beb05e32ba6', '{"action":"token_revoked","actor_id":"de351e75-782e-4df7-9c1f-6c388c80276d","actor_username":"rarira@gmail.com","actor_via_sso":false,"log_type":"token"}', '2024-05-13 06:40:07.102559+00', ''),
	('00000000-0000-0000-0000-000000000000', 'f990e84a-bf3b-4175-b18f-5350f796e1b8', '{"action":"token_refreshed","actor_id":"de351e75-782e-4df7-9c1f-6c388c80276d","actor_username":"rarira@gmail.com","actor_via_sso":false,"log_type":"token"}', '2024-05-13 09:43:58.098441+00', ''),
	('00000000-0000-0000-0000-000000000000', '79f3f48b-46c4-4e51-b45e-12cd8da8195e', '{"action":"token_revoked","actor_id":"de351e75-782e-4df7-9c1f-6c388c80276d","actor_username":"rarira@gmail.com","actor_via_sso":false,"log_type":"token"}', '2024-05-13 09:43:58.105284+00', ''),
	('00000000-0000-0000-0000-000000000000', '627fae8e-6a7d-4df8-b38c-8d176504b430', '{"action":"token_refreshed","actor_id":"de351e75-782e-4df7-9c1f-6c388c80276d","actor_username":"rarira@gmail.com","actor_via_sso":false,"log_type":"token"}', '2024-05-13 15:11:51.391006+00', ''),
	('00000000-0000-0000-0000-000000000000', '42493185-5bef-4d68-9e8a-0b820fbc924f', '{"action":"token_revoked","actor_id":"de351e75-782e-4df7-9c1f-6c388c80276d","actor_username":"rarira@gmail.com","actor_via_sso":false,"log_type":"token"}', '2024-05-13 15:11:51.394108+00', ''),
	('00000000-0000-0000-0000-000000000000', '28b3a0de-c19b-4450-bf27-6884fd7968c3', '{"action":"token_refreshed","actor_id":"de351e75-782e-4df7-9c1f-6c388c80276d","actor_username":"rarira@gmail.com","actor_via_sso":false,"log_type":"token"}', '2024-05-14 01:23:41.827544+00', ''),
	('00000000-0000-0000-0000-000000000000', '052a843a-a45c-4dc3-ae7b-d5f355dc25a6', '{"action":"token_revoked","actor_id":"de351e75-782e-4df7-9c1f-6c388c80276d","actor_username":"rarira@gmail.com","actor_via_sso":false,"log_type":"token"}', '2024-05-14 01:23:41.841709+00', ''),
	('00000000-0000-0000-0000-000000000000', 'bd780fca-867c-4d08-be03-a6775e06bc3b', '{"action":"token_refreshed","actor_id":"de351e75-782e-4df7-9c1f-6c388c80276d","actor_username":"rarira@gmail.com","actor_via_sso":false,"log_type":"token"}', '2024-05-14 09:41:37.4132+00', ''),
	('00000000-0000-0000-0000-000000000000', 'c67eabed-5f4e-476f-ac37-2292d7b05566', '{"action":"token_revoked","actor_id":"de351e75-782e-4df7-9c1f-6c388c80276d","actor_username":"rarira@gmail.com","actor_via_sso":false,"log_type":"token"}', '2024-05-14 09:41:37.418734+00', ''),
	('00000000-0000-0000-0000-000000000000', '8898cd26-ed2a-4b62-8a73-4857a44bde29', '{"action":"token_refreshed","actor_id":"de351e75-782e-4df7-9c1f-6c388c80276d","actor_username":"rarira@gmail.com","actor_via_sso":false,"log_type":"token"}', '2024-05-15 13:58:57.213086+00', ''),
	('00000000-0000-0000-0000-000000000000', '3e53dab3-50de-4060-adf3-06d3bad9ac92', '{"action":"token_revoked","actor_id":"de351e75-782e-4df7-9c1f-6c388c80276d","actor_username":"rarira@gmail.com","actor_via_sso":false,"log_type":"token"}', '2024-05-15 13:58:57.232264+00', ''),
	('00000000-0000-0000-0000-000000000000', '2f0baf93-c746-4009-9ef6-842ba1b13213', '{"action":"token_refreshed","actor_id":"de351e75-782e-4df7-9c1f-6c388c80276d","actor_username":"rarira@gmail.com","actor_via_sso":false,"log_type":"token"}', '2024-05-16 01:46:49.882371+00', ''),
	('00000000-0000-0000-0000-000000000000', '4b5e3ffe-dc72-4e1a-b409-ada96e3d5124', '{"action":"token_revoked","actor_id":"de351e75-782e-4df7-9c1f-6c388c80276d","actor_username":"rarira@gmail.com","actor_via_sso":false,"log_type":"token"}', '2024-05-16 01:46:49.903045+00', ''),
	('00000000-0000-0000-0000-000000000000', '46b43701-a2f6-4395-8f93-01ccfe46cf72', '{"action":"token_refreshed","actor_id":"de351e75-782e-4df7-9c1f-6c388c80276d","actor_username":"rarira@gmail.com","actor_via_sso":false,"log_type":"token"}', '2024-05-16 02:49:35.322343+00', ''),
	('00000000-0000-0000-0000-000000000000', '1e15acbf-1f3a-4f09-aab2-20b5a40727e6', '{"action":"token_revoked","actor_id":"de351e75-782e-4df7-9c1f-6c388c80276d","actor_username":"rarira@gmail.com","actor_via_sso":false,"log_type":"token"}', '2024-05-16 02:49:35.324444+00', ''),
	('00000000-0000-0000-0000-000000000000', 'a75b9b7d-09f3-4681-b66b-d3dc999e3cc4', '{"action":"token_refreshed","actor_id":"de351e75-782e-4df7-9c1f-6c388c80276d","actor_username":"rarira@gmail.com","actor_via_sso":false,"log_type":"token"}', '2024-05-16 03:47:44.056387+00', ''),
	('00000000-0000-0000-0000-000000000000', '1f2f735e-6313-487e-90f1-6a86e6d46ede', '{"action":"token_revoked","actor_id":"de351e75-782e-4df7-9c1f-6c388c80276d","actor_username":"rarira@gmail.com","actor_via_sso":false,"log_type":"token"}', '2024-05-16 03:47:44.058126+00', ''),
	('00000000-0000-0000-0000-000000000000', '725008aa-2e95-4e59-aab2-a2eb742fdaf4', '{"action":"token_refreshed","actor_id":"de351e75-782e-4df7-9c1f-6c388c80276d","actor_username":"rarira@gmail.com","actor_via_sso":false,"log_type":"token"}', '2024-05-16 04:45:54.776429+00', ''),
	('00000000-0000-0000-0000-000000000000', 'fa2e8f04-782a-423f-964d-ee683cef7c6f', '{"action":"token_revoked","actor_id":"de351e75-782e-4df7-9c1f-6c388c80276d","actor_username":"rarira@gmail.com","actor_via_sso":false,"log_type":"token"}', '2024-05-16 04:45:54.77828+00', ''),
	('00000000-0000-0000-0000-000000000000', '3b1beb20-dab0-4378-b05a-b331802a1dc4', '{"action":"logout","actor_id":"de351e75-782e-4df7-9c1f-6c388c80276d","actor_username":"rarira@gmail.com","actor_via_sso":false,"log_type":"account"}', '2024-05-16 04:47:32.437844+00', ''),
	('00000000-0000-0000-0000-000000000000', 'ac5e6883-7e02-44b7-ae73-66a0669b6cda', '{"action":"login","actor_id":"de351e75-782e-4df7-9c1f-6c388c80276d","actor_username":"rarira@gmail.com","actor_via_sso":false,"log_type":"account","traits":{"provider":"email"}}', '2024-05-16 04:48:50.882959+00', ''),
	('00000000-0000-0000-0000-000000000000', 'fd8a9ba4-fe78-42e7-928e-2ff4ba1d4094', '{"action":"logout","actor_id":"de351e75-782e-4df7-9c1f-6c388c80276d","actor_username":"rarira@gmail.com","actor_via_sso":false,"log_type":"account"}', '2024-05-16 04:48:56.642323+00', ''),
	('00000000-0000-0000-0000-000000000000', '04e4fe8b-e038-4bf9-bf1c-f662e56ad07d', '{"action":"login","actor_id":"de351e75-782e-4df7-9c1f-6c388c80276d","actor_username":"rarira@gmail.com","actor_via_sso":false,"log_type":"account","traits":{"provider":"email"}}', '2024-05-16 04:49:24.815559+00', ''),
	('00000000-0000-0000-0000-000000000000', '1d96dfed-b776-42c0-9b63-68fb45a2eba5', '{"action":"logout","actor_id":"de351e75-782e-4df7-9c1f-6c388c80276d","actor_username":"rarira@gmail.com","actor_via_sso":false,"log_type":"account"}', '2024-05-16 04:49:41.727727+00', ''),
	('00000000-0000-0000-0000-000000000000', 'ddc6e5bd-8812-43b1-bb0a-774c687e8584', '{"action":"login","actor_id":"de351e75-782e-4df7-9c1f-6c388c80276d","actor_username":"rarira@gmail.com","actor_via_sso":false,"log_type":"account","traits":{"provider":"email"}}', '2024-05-16 04:52:03.396536+00', ''),
	('00000000-0000-0000-0000-000000000000', '270d1570-e9c9-4e5f-85bf-dcb8849c4b5f', '{"action":"token_refreshed","actor_id":"de351e75-782e-4df7-9c1f-6c388c80276d","actor_username":"rarira@gmail.com","actor_via_sso":false,"log_type":"token"}', '2024-05-16 12:42:54.413677+00', ''),
	('00000000-0000-0000-0000-000000000000', 'f1a2e083-603b-419d-b80a-7f69560d3c1b', '{"action":"token_revoked","actor_id":"de351e75-782e-4df7-9c1f-6c388c80276d","actor_username":"rarira@gmail.com","actor_via_sso":false,"log_type":"token"}', '2024-05-16 12:42:54.422021+00', ''),
	('00000000-0000-0000-0000-000000000000', '4e87c510-3734-4eb5-8b76-72f269a51f62', '{"action":"token_refreshed","actor_id":"de351e75-782e-4df7-9c1f-6c388c80276d","actor_username":"rarira@gmail.com","actor_via_sso":false,"log_type":"token"}', '2024-05-17 02:05:58.849038+00', ''),
	('00000000-0000-0000-0000-000000000000', '4ad0dfd5-41db-48a7-8014-f4f3b7c8ef53', '{"action":"token_revoked","actor_id":"de351e75-782e-4df7-9c1f-6c388c80276d","actor_username":"rarira@gmail.com","actor_via_sso":false,"log_type":"token"}', '2024-05-17 02:05:58.861861+00', ''),
	('00000000-0000-0000-0000-000000000000', 'f7ab4a6a-4359-44f5-a3b3-2305924bc426', '{"action":"token_refreshed","actor_id":"de351e75-782e-4df7-9c1f-6c388c80276d","actor_username":"rarira@gmail.com","actor_via_sso":false,"log_type":"token"}', '2024-05-17 11:50:38.081727+00', ''),
	('00000000-0000-0000-0000-000000000000', '4db86061-c25d-4c60-bc1b-dee5c291de1f', '{"action":"token_revoked","actor_id":"de351e75-782e-4df7-9c1f-6c388c80276d","actor_username":"rarira@gmail.com","actor_via_sso":false,"log_type":"token"}', '2024-05-17 11:50:38.092092+00', ''),
	('00000000-0000-0000-0000-000000000000', 'c5f07659-0941-4a7f-a101-afa4d333d6fa', '{"action":"token_refreshed","actor_id":"de351e75-782e-4df7-9c1f-6c388c80276d","actor_username":"rarira@gmail.com","actor_via_sso":false,"log_type":"token"}', '2024-05-18 12:01:41.710122+00', ''),
	('00000000-0000-0000-0000-000000000000', '98f65289-124b-427b-a2a5-9b6ef4508091', '{"action":"token_revoked","actor_id":"de351e75-782e-4df7-9c1f-6c388c80276d","actor_username":"rarira@gmail.com","actor_via_sso":false,"log_type":"token"}', '2024-05-18 12:01:41.731018+00', ''),
	('00000000-0000-0000-0000-000000000000', 'bf47dc4d-2423-417c-b4fb-b4ab57e72caa', '{"action":"token_refreshed","actor_id":"de351e75-782e-4df7-9c1f-6c388c80276d","actor_username":"rarira@gmail.com","actor_via_sso":false,"log_type":"token"}', '2024-05-18 13:00:27.28703+00', ''),
	('00000000-0000-0000-0000-000000000000', 'c45bc2b1-8752-4a37-80a4-4fa1d5b08465', '{"action":"token_revoked","actor_id":"de351e75-782e-4df7-9c1f-6c388c80276d","actor_username":"rarira@gmail.com","actor_via_sso":false,"log_type":"token"}', '2024-05-18 13:00:27.296826+00', ''),
	('00000000-0000-0000-0000-000000000000', '50afa37a-dcb3-4386-917a-53a97c0393e7', '{"action":"token_refreshed","actor_id":"de351e75-782e-4df7-9c1f-6c388c80276d","actor_username":"rarira@gmail.com","actor_via_sso":false,"log_type":"token"}', '2024-05-18 14:01:20.703474+00', ''),
	('00000000-0000-0000-0000-000000000000', '4fa6e004-ab6a-4232-91a3-6eefe784ca3c', '{"action":"token_revoked","actor_id":"de351e75-782e-4df7-9c1f-6c388c80276d","actor_username":"rarira@gmail.com","actor_via_sso":false,"log_type":"token"}', '2024-05-18 14:01:20.706656+00', ''),
	('00000000-0000-0000-0000-000000000000', '5d798a1b-0422-4ff1-a4fb-8f46009a737d', '{"action":"token_refreshed","actor_id":"de351e75-782e-4df7-9c1f-6c388c80276d","actor_username":"rarira@gmail.com","actor_via_sso":false,"log_type":"token"}', '2024-05-21 04:59:14.355262+00', ''),
	('00000000-0000-0000-0000-000000000000', 'b6b9cdec-837a-4d37-a41d-69964ba83f13', '{"action":"token_revoked","actor_id":"de351e75-782e-4df7-9c1f-6c388c80276d","actor_username":"rarira@gmail.com","actor_via_sso":false,"log_type":"token"}', '2024-05-21 04:59:14.376442+00', ''),
	('00000000-0000-0000-0000-000000000000', 'c58df235-8df7-4e06-8612-dda696cde3cc', '{"action":"token_refreshed","actor_id":"de351e75-782e-4df7-9c1f-6c388c80276d","actor_username":"rarira@gmail.com","actor_via_sso":false,"log_type":"token"}', '2024-05-21 06:08:57.394046+00', ''),
	('00000000-0000-0000-0000-000000000000', '3fed090a-80c9-4629-aaad-6e4a4ab6b599', '{"action":"token_revoked","actor_id":"de351e75-782e-4df7-9c1f-6c388c80276d","actor_username":"rarira@gmail.com","actor_via_sso":false,"log_type":"token"}', '2024-05-21 06:08:57.396192+00', ''),
	('00000000-0000-0000-0000-000000000000', '32256b73-b0df-419e-a084-02e934ba2161', '{"action":"token_refreshed","actor_id":"de351e75-782e-4df7-9c1f-6c388c80276d","actor_username":"rarira@gmail.com","actor_via_sso":false,"log_type":"token"}', '2024-06-04 07:04:54.948774+00', ''),
	('00000000-0000-0000-0000-000000000000', '0bbeec0c-53ed-4a2b-80e5-e7406f9b239b', '{"action":"token_revoked","actor_id":"de351e75-782e-4df7-9c1f-6c388c80276d","actor_username":"rarira@gmail.com","actor_via_sso":false,"log_type":"token"}', '2024-06-04 07:04:54.957065+00', ''),
	('00000000-0000-0000-0000-000000000000', '8adff1d2-f38a-486e-aef0-b85728645239', '{"action":"token_refreshed","actor_id":"de351e75-782e-4df7-9c1f-6c388c80276d","actor_username":"rarira@gmail.com","actor_via_sso":false,"log_type":"token"}', '2024-06-05 14:01:27.131349+00', ''),
	('00000000-0000-0000-0000-000000000000', 'ba0f4a53-1588-48c3-9a18-4f713a2e1c54', '{"action":"token_revoked","actor_id":"de351e75-782e-4df7-9c1f-6c388c80276d","actor_username":"rarira@gmail.com","actor_via_sso":false,"log_type":"token"}', '2024-06-05 14:01:27.14599+00', ''),
	('00000000-0000-0000-0000-000000000000', '6e3217a4-31c2-4274-b0de-2e9e88b5609b', '{"action":"token_refreshed","actor_id":"de351e75-782e-4df7-9c1f-6c388c80276d","actor_username":"rarira@gmail.com","actor_via_sso":false,"log_type":"token"}', '2024-06-07 03:57:20.126426+00', ''),
	('00000000-0000-0000-0000-000000000000', '64cf7f00-2580-4f31-8644-c24a3546e495', '{"action":"token_revoked","actor_id":"de351e75-782e-4df7-9c1f-6c388c80276d","actor_username":"rarira@gmail.com","actor_via_sso":false,"log_type":"token"}', '2024-06-07 03:57:20.140377+00', ''),
	('00000000-0000-0000-0000-000000000000', '81a747f0-de08-4398-b97f-2cc36853ca98', '{"action":"token_refreshed","actor_id":"de351e75-782e-4df7-9c1f-6c388c80276d","actor_username":"rarira@gmail.com","actor_via_sso":false,"log_type":"token"}', '2024-06-07 14:07:41.32272+00', ''),
	('00000000-0000-0000-0000-000000000000', 'd53094ac-2fba-4e8a-92a8-39accd778671', '{"action":"token_revoked","actor_id":"de351e75-782e-4df7-9c1f-6c388c80276d","actor_username":"rarira@gmail.com","actor_via_sso":false,"log_type":"token"}', '2024-06-07 14:07:41.326321+00', ''),
	('00000000-0000-0000-0000-000000000000', '7e64a4b0-69fe-4f69-9689-dbf60f26d249', '{"action":"login","actor_id":"de351e75-782e-4df7-9c1f-6c388c80276d","actor_username":"rarira@gmail.com","actor_via_sso":false,"log_type":"account","traits":{"provider":"email"}}', '2024-06-08 13:12:33.197879+00', ''),
	('00000000-0000-0000-0000-000000000000', '9e2df77c-9335-4ab7-b8ce-97a4676e42cb', '{"action":"token_refreshed","actor_id":"de351e75-782e-4df7-9c1f-6c388c80276d","actor_username":"rarira@gmail.com","actor_via_sso":false,"log_type":"token"}', '2024-06-10 01:48:24.574724+00', ''),
	('00000000-0000-0000-0000-000000000000', 'afc62c09-4f77-49fe-8c80-fa3d97bcdeb7', '{"action":"token_revoked","actor_id":"de351e75-782e-4df7-9c1f-6c388c80276d","actor_username":"rarira@gmail.com","actor_via_sso":false,"log_type":"token"}', '2024-06-10 01:48:24.582106+00', ''),
	('00000000-0000-0000-0000-000000000000', 'b6eda36a-abdf-4a6b-9cda-d9daaa84d18c', '{"action":"token_refreshed","actor_id":"de351e75-782e-4df7-9c1f-6c388c80276d","actor_username":"rarira@gmail.com","actor_via_sso":false,"log_type":"token"}', '2024-06-12 07:05:01.052725+00', ''),
	('00000000-0000-0000-0000-000000000000', '2853cc59-b4f7-49a6-9785-aaaeca58058c', '{"action":"token_revoked","actor_id":"de351e75-782e-4df7-9c1f-6c388c80276d","actor_username":"rarira@gmail.com","actor_via_sso":false,"log_type":"token"}', '2024-06-12 07:05:01.064861+00', ''),
	('00000000-0000-0000-0000-000000000000', '4980d0aa-6842-4d1c-b26d-4cc360f86c4e', '{"action":"token_refreshed","actor_id":"de351e75-782e-4df7-9c1f-6c388c80276d","actor_username":"rarira@gmail.com","actor_via_sso":false,"log_type":"token"}', '2024-06-12 08:16:18.252901+00', ''),
	('00000000-0000-0000-0000-000000000000', '2177090d-f733-4347-8e13-05f04e5d9ae1', '{"action":"token_revoked","actor_id":"de351e75-782e-4df7-9c1f-6c388c80276d","actor_username":"rarira@gmail.com","actor_via_sso":false,"log_type":"token"}', '2024-06-12 08:16:18.257424+00', ''),
	('00000000-0000-0000-0000-000000000000', '4d13eca6-c651-42b5-9644-326fe7c332d3', '{"action":"token_refreshed","actor_id":"de351e75-782e-4df7-9c1f-6c388c80276d","actor_username":"rarira@gmail.com","actor_via_sso":false,"log_type":"token"}', '2024-06-12 09:14:43.472242+00', ''),
	('00000000-0000-0000-0000-000000000000', 'e2f777e9-221f-4528-85dd-19de77c6d22d', '{"action":"token_revoked","actor_id":"de351e75-782e-4df7-9c1f-6c388c80276d","actor_username":"rarira@gmail.com","actor_via_sso":false,"log_type":"token"}', '2024-06-12 09:14:43.47534+00', ''),
	('00000000-0000-0000-0000-000000000000', 'f35a01d2-6974-481a-b7d4-e14b38207257', '{"action":"token_refreshed","actor_id":"de351e75-782e-4df7-9c1f-6c388c80276d","actor_username":"rarira@gmail.com","actor_via_sso":false,"log_type":"token"}', '2024-06-12 10:40:40.753503+00', ''),
	('00000000-0000-0000-0000-000000000000', 'ab1b7d22-fd23-4298-b5b5-d0cab720acfd', '{"action":"token_revoked","actor_id":"de351e75-782e-4df7-9c1f-6c388c80276d","actor_username":"rarira@gmail.com","actor_via_sso":false,"log_type":"token"}', '2024-06-12 10:40:40.755306+00', ''),
	('00000000-0000-0000-0000-000000000000', '9602178e-edff-472c-aad8-83c4d6bc9879', '{"action":"token_refreshed","actor_id":"de351e75-782e-4df7-9c1f-6c388c80276d","actor_username":"rarira@gmail.com","actor_via_sso":false,"log_type":"token"}', '2024-06-12 11:38:34.959829+00', ''),
	('00000000-0000-0000-0000-000000000000', 'af3bf8d9-987a-46c7-91de-793eef242bc2', '{"action":"token_revoked","actor_id":"de351e75-782e-4df7-9c1f-6c388c80276d","actor_username":"rarira@gmail.com","actor_via_sso":false,"log_type":"token"}', '2024-06-12 11:38:34.960588+00', ''),
	('00000000-0000-0000-0000-000000000000', '184c6eaf-ad66-4c37-803a-806e60ffa23a', '{"action":"token_refreshed","actor_id":"de351e75-782e-4df7-9c1f-6c388c80276d","actor_username":"rarira@gmail.com","actor_via_sso":false,"log_type":"token"}', '2024-06-12 16:54:46.688301+00', ''),
	('00000000-0000-0000-0000-000000000000', 'd313f1e2-9607-4ee9-9339-7d81ae9e4274', '{"action":"token_revoked","actor_id":"de351e75-782e-4df7-9c1f-6c388c80276d","actor_username":"rarira@gmail.com","actor_via_sso":false,"log_type":"token"}', '2024-06-12 16:54:46.690154+00', ''),
	('00000000-0000-0000-0000-000000000000', 'a1c6878d-ecc7-439d-974f-8c03d8f63498', '{"action":"token_refreshed","actor_id":"de351e75-782e-4df7-9c1f-6c388c80276d","actor_username":"rarira@gmail.com","actor_via_sso":false,"log_type":"token"}', '2024-06-13 01:15:06.565644+00', ''),
	('00000000-0000-0000-0000-000000000000', '5f43f53e-fddc-4dfb-a4e5-7f564aacc55a', '{"action":"token_revoked","actor_id":"de351e75-782e-4df7-9c1f-6c388c80276d","actor_username":"rarira@gmail.com","actor_via_sso":false,"log_type":"token"}', '2024-06-13 01:15:06.567336+00', ''),
	('00000000-0000-0000-0000-000000000000', '4e2e9b8b-d770-429f-93f1-7097f5b2d90a', '{"action":"token_refreshed","actor_id":"de351e75-782e-4df7-9c1f-6c388c80276d","actor_username":"rarira@gmail.com","actor_via_sso":false,"log_type":"token"}', '2024-06-13 02:13:15.904672+00', ''),
	('00000000-0000-0000-0000-000000000000', '6ed42c34-e963-4e89-9d03-525e62ebbef7', '{"action":"token_revoked","actor_id":"de351e75-782e-4df7-9c1f-6c388c80276d","actor_username":"rarira@gmail.com","actor_via_sso":false,"log_type":"token"}', '2024-06-13 02:13:15.907287+00', ''),
	('00000000-0000-0000-0000-000000000000', 'f2f8a0ba-7d9c-4c73-996a-ebc45d88fd57', '{"action":"token_refreshed","actor_id":"de351e75-782e-4df7-9c1f-6c388c80276d","actor_username":"rarira@gmail.com","actor_via_sso":false,"log_type":"token"}', '2024-06-13 03:11:10.496903+00', ''),
	('00000000-0000-0000-0000-000000000000', '53e5c805-04f0-4b73-958a-377fde9b63d9', '{"action":"token_revoked","actor_id":"de351e75-782e-4df7-9c1f-6c388c80276d","actor_username":"rarira@gmail.com","actor_via_sso":false,"log_type":"token"}', '2024-06-13 03:11:10.502219+00', ''),
	('00000000-0000-0000-0000-000000000000', '12fb1d65-8350-4570-a5a3-9e6d96b91277', '{"action":"token_refreshed","actor_id":"de351e75-782e-4df7-9c1f-6c388c80276d","actor_username":"rarira@gmail.com","actor_via_sso":false,"log_type":"token"}', '2024-06-13 04:09:01.010519+00', ''),
	('00000000-0000-0000-0000-000000000000', '6e5554ad-3f8c-46bf-91aa-7af14056b43a', '{"action":"token_revoked","actor_id":"de351e75-782e-4df7-9c1f-6c388c80276d","actor_username":"rarira@gmail.com","actor_via_sso":false,"log_type":"token"}', '2024-06-13 04:09:01.011967+00', ''),
	('00000000-0000-0000-0000-000000000000', 'be4b0552-6990-48e2-adb9-f36082d6ffc2', '{"action":"token_refreshed","actor_id":"de351e75-782e-4df7-9c1f-6c388c80276d","actor_username":"rarira@gmail.com","actor_via_sso":false,"log_type":"token"}', '2024-06-13 13:24:08.518994+00', ''),
	('00000000-0000-0000-0000-000000000000', '82a74bfb-62b9-4dce-8e55-06c823106b8d', '{"action":"token_revoked","actor_id":"de351e75-782e-4df7-9c1f-6c388c80276d","actor_username":"rarira@gmail.com","actor_via_sso":false,"log_type":"token"}', '2024-06-13 13:24:08.526351+00', ''),
	('00000000-0000-0000-0000-000000000000', 'b4516932-e238-41e5-a263-d63c2569c33e', '{"action":"token_refreshed","actor_id":"de351e75-782e-4df7-9c1f-6c388c80276d","actor_username":"rarira@gmail.com","actor_via_sso":false,"log_type":"token"}', '2024-06-13 14:22:12.80751+00', ''),
	('00000000-0000-0000-0000-000000000000', '4ae3cec5-180a-43a4-86c6-7a3158b87acd', '{"action":"token_revoked","actor_id":"de351e75-782e-4df7-9c1f-6c388c80276d","actor_username":"rarira@gmail.com","actor_via_sso":false,"log_type":"token"}', '2024-06-13 14:22:12.808757+00', ''),
	('00000000-0000-0000-0000-000000000000', '553d06d4-4527-4bfb-943f-f24111fc5823', '{"action":"token_refreshed","actor_id":"de351e75-782e-4df7-9c1f-6c388c80276d","actor_username":"rarira@gmail.com","actor_via_sso":false,"log_type":"token"}', '2024-06-13 15:23:19.377412+00', ''),
	('00000000-0000-0000-0000-000000000000', '62656871-6dc9-453c-8e5f-e796248338ca', '{"action":"token_revoked","actor_id":"de351e75-782e-4df7-9c1f-6c388c80276d","actor_username":"rarira@gmail.com","actor_via_sso":false,"log_type":"token"}', '2024-06-13 15:23:19.380082+00', ''),
	('00000000-0000-0000-0000-000000000000', '9247f02d-77fb-4856-95f4-1593dbe87eb1', '{"action":"token_refreshed","actor_id":"de351e75-782e-4df7-9c1f-6c388c80276d","actor_username":"rarira@gmail.com","actor_via_sso":false,"log_type":"token"}', '2024-06-14 05:14:07.97342+00', ''),
	('00000000-0000-0000-0000-000000000000', '40bb53dc-254f-4588-9d4f-1baf7a3316de', '{"action":"token_revoked","actor_id":"de351e75-782e-4df7-9c1f-6c388c80276d","actor_username":"rarira@gmail.com","actor_via_sso":false,"log_type":"token"}', '2024-06-14 05:14:07.981902+00', ''),
	('00000000-0000-0000-0000-000000000000', '35b5aff8-fc85-4210-9cf8-ef3c13d3436a', '{"action":"token_refreshed","actor_id":"de351e75-782e-4df7-9c1f-6c388c80276d","actor_username":"rarira@gmail.com","actor_via_sso":false,"log_type":"token"}', '2024-06-14 06:40:56.831004+00', ''),
	('00000000-0000-0000-0000-000000000000', '2cc64d9b-be67-4164-b184-79d0d606453d', '{"action":"token_revoked","actor_id":"de351e75-782e-4df7-9c1f-6c388c80276d","actor_username":"rarira@gmail.com","actor_via_sso":false,"log_type":"token"}', '2024-06-14 06:40:56.835094+00', ''),
	('00000000-0000-0000-0000-000000000000', '8998618f-7312-497a-a96c-90b036b60da3', '{"action":"token_refreshed","actor_id":"de351e75-782e-4df7-9c1f-6c388c80276d","actor_username":"rarira@gmail.com","actor_via_sso":false,"log_type":"token"}', '2024-06-14 10:59:37.454751+00', ''),
	('00000000-0000-0000-0000-000000000000', 'e72163f8-f7f1-4a2e-ba3b-442f2a13f819', '{"action":"token_revoked","actor_id":"de351e75-782e-4df7-9c1f-6c388c80276d","actor_username":"rarira@gmail.com","actor_via_sso":false,"log_type":"token"}', '2024-06-14 10:59:37.456051+00', ''),
	('00000000-0000-0000-0000-000000000000', 'b832e9cc-6b27-408e-a918-b11df911aa4a', '{"action":"token_refreshed","actor_id":"de351e75-782e-4df7-9c1f-6c388c80276d","actor_username":"rarira@gmail.com","actor_via_sso":false,"log_type":"token"}', '2024-06-14 13:18:41.744386+00', ''),
	('00000000-0000-0000-0000-000000000000', '8d68836c-b065-45b9-b14d-cfcc4bff88f2', '{"action":"token_revoked","actor_id":"de351e75-782e-4df7-9c1f-6c388c80276d","actor_username":"rarira@gmail.com","actor_via_sso":false,"log_type":"token"}', '2024-06-14 13:18:41.746132+00', ''),
	('00000000-0000-0000-0000-000000000000', '87feb59e-3468-4b0a-a782-662f96d9b089', '{"action":"token_refreshed","actor_id":"de351e75-782e-4df7-9c1f-6c388c80276d","actor_username":"rarira@gmail.com","actor_via_sso":false,"log_type":"token"}', '2024-06-14 14:16:33.166778+00', ''),
	('00000000-0000-0000-0000-000000000000', 'bd4dfbed-1b4d-46e5-9b28-2f508cf0fd56', '{"action":"token_revoked","actor_id":"de351e75-782e-4df7-9c1f-6c388c80276d","actor_username":"rarira@gmail.com","actor_via_sso":false,"log_type":"token"}', '2024-06-14 14:16:33.169041+00', ''),
	('00000000-0000-0000-0000-000000000000', '670da2ef-4541-4057-a519-0ed376c193ca', '{"action":"token_refreshed","actor_id":"de351e75-782e-4df7-9c1f-6c388c80276d","actor_username":"rarira@gmail.com","actor_via_sso":false,"log_type":"token"}', '2024-06-14 15:20:44.080931+00', ''),
	('00000000-0000-0000-0000-000000000000', '4e18ba48-a2e3-4b57-ba0f-a74f81afea3e', '{"action":"token_revoked","actor_id":"de351e75-782e-4df7-9c1f-6c388c80276d","actor_username":"rarira@gmail.com","actor_via_sso":false,"log_type":"token"}', '2024-06-14 15:20:44.083617+00', ''),
	('00000000-0000-0000-0000-000000000000', 'c6b7060d-8c0e-41c5-a314-51341d7f03f4', '{"action":"token_refreshed","actor_id":"de351e75-782e-4df7-9c1f-6c388c80276d","actor_username":"rarira@gmail.com","actor_via_sso":false,"log_type":"token"}', '2024-06-14 16:18:55.92063+00', ''),
	('00000000-0000-0000-0000-000000000000', 'dff624ae-9bf4-4bfa-b588-ccef0cbb4360', '{"action":"token_revoked","actor_id":"de351e75-782e-4df7-9c1f-6c388c80276d","actor_username":"rarira@gmail.com","actor_via_sso":false,"log_type":"token"}', '2024-06-14 16:18:55.923042+00', ''),
	('00000000-0000-0000-0000-000000000000', '5ea6cad6-521d-4263-bc1a-91be20bd5317', '{"action":"token_refreshed","actor_id":"de351e75-782e-4df7-9c1f-6c388c80276d","actor_username":"rarira@gmail.com","actor_via_sso":false,"log_type":"token"}', '2024-06-15 10:45:45.185376+00', ''),
	('00000000-0000-0000-0000-000000000000', '07f8b103-adac-4ae2-bb3c-90e6bcf00b4e', '{"action":"token_revoked","actor_id":"de351e75-782e-4df7-9c1f-6c388c80276d","actor_username":"rarira@gmail.com","actor_via_sso":false,"log_type":"token"}', '2024-06-15 10:45:45.196115+00', ''),
	('00000000-0000-0000-0000-000000000000', '83f070ca-f5cc-477c-94ee-bf87555b62eb', '{"action":"user_signedup","actor_id":"00000000-0000-0000-0000-000000000000","actor_username":"service_role","actor_via_sso":false,"log_type":"team","traits":{"user_email":"potener36@gmail.com","user_id":"6adf10e4-9f7c-4cf8-956f-ef3238c9d961","user_phone":""}}', '2024-06-16 10:57:30.568219+00', ''),
	('00000000-0000-0000-0000-000000000000', '639c6f65-903b-41fe-8ba0-adba673b8bbf', '{"action":"login","actor_id":"6adf10e4-9f7c-4cf8-956f-ef3238c9d961","actor_username":"potener36@gmail.com","actor_via_sso":false,"log_type":"account","traits":{"provider":"email"}}', '2024-06-16 10:58:36.25345+00', ''),
	('00000000-0000-0000-0000-000000000000', '40c266d4-a8a9-413b-9c22-7bca9ea7e298', '{"action":"logout","actor_id":"6adf10e4-9f7c-4cf8-956f-ef3238c9d961","actor_username":"potener36@gmail.com","actor_via_sso":false,"log_type":"account"}', '2024-06-16 11:06:30.315881+00', ''),
	('00000000-0000-0000-0000-000000000000', 'e99f355c-6ca1-464b-88e7-df756c7ccc28', '{"action":"login","actor_id":"de351e75-782e-4df7-9c1f-6c388c80276d","actor_username":"rarira@gmail.com","actor_via_sso":false,"log_type":"account","traits":{"provider":"email"}}', '2024-06-16 11:06:47.664451+00', ''),
	('00000000-0000-0000-0000-000000000000', '3b02d296-6ad5-458f-b6be-d782ce18f073', '{"action":"token_refreshed","actor_id":"de351e75-782e-4df7-9c1f-6c388c80276d","actor_username":"rarira@gmail.com","actor_via_sso":false,"log_type":"token"}', '2024-06-16 11:24:27.792358+00', ''),
	('00000000-0000-0000-0000-000000000000', 'b027abfd-b972-43ee-96a2-ba274ed00f5f', '{"action":"token_revoked","actor_id":"de351e75-782e-4df7-9c1f-6c388c80276d","actor_username":"rarira@gmail.com","actor_via_sso":false,"log_type":"token"}', '2024-06-16 11:24:27.794151+00', ''),
	('00000000-0000-0000-0000-000000000000', 'b4d8aff5-da7c-4775-985c-4bd3b053136c', '{"action":"token_refreshed","actor_id":"de351e75-782e-4df7-9c1f-6c388c80276d","actor_username":"rarira@gmail.com","actor_via_sso":false,"log_type":"token"}', '2024-06-17 14:22:35.472343+00', ''),
	('00000000-0000-0000-0000-000000000000', '90afc270-db43-4105-8c56-6fbfcc2a395d', '{"action":"token_revoked","actor_id":"de351e75-782e-4df7-9c1f-6c388c80276d","actor_username":"rarira@gmail.com","actor_via_sso":false,"log_type":"token"}', '2024-06-17 14:22:35.482015+00', '');


--
-- Data for Name: flow_state; Type: TABLE DATA; Schema: auth; Owner: supabase_auth_admin
--



--
-- Data for Name: users; Type: TABLE DATA; Schema: auth; Owner: supabase_auth_admin
--

INSERT INTO "auth"."users" ("instance_id", "id", "aud", "role", "email", "encrypted_password", "email_confirmed_at", "invited_at", "confirmation_token", "confirmation_sent_at", "recovery_token", "recovery_sent_at", "email_change_token_new", "email_change", "email_change_sent_at", "last_sign_in_at", "raw_app_meta_data", "raw_user_meta_data", "is_super_admin", "created_at", "updated_at", "phone", "phone_confirmed_at", "phone_change", "phone_change_token", "phone_change_sent_at", "email_change_token_current", "email_change_confirm_status", "banned_until", "reauthentication_token", "reauthentication_sent_at", "is_sso_user", "deleted_at", "is_anonymous") VALUES
	('00000000-0000-0000-0000-000000000000', '6adf10e4-9f7c-4cf8-956f-ef3238c9d961', 'authenticated', 'authenticated', 'potener36@gmail.com', '$2a$10$acKM/9lzaG8a/s02JhN7TOvnSILPFFn.EkYBCLcoEgEPcGYdpJzk.', '2024-06-16 10:57:30.578498+00', NULL, '', NULL, '', NULL, '', '', NULL, '2024-06-16 10:58:36.262812+00', '{"provider": "email", "providers": ["email"]}', '{}', NULL, '2024-06-16 10:57:30.549167+00', '2024-06-16 10:58:36.288389+00', NULL, NULL, '', '', NULL, '', 0, NULL, '', NULL, false, NULL, false),
	('00000000-0000-0000-0000-000000000000', 'de351e75-782e-4df7-9c1f-6c388c80276d', 'authenticated', 'authenticated', 'rarira@gmail.com', '$2a$10$BGvLCzKdkxAFLlSPPajp0.FOErWMH.MO9sVO6W.WeZmBrEzepgaH.', '2024-05-03 04:01:01.761004+00', NULL, '', NULL, '', NULL, '', '', NULL, '2024-06-16 11:06:47.665116+00', '{"provider": "email", "providers": ["email"]}', '{}', NULL, '2024-05-03 04:01:01.751383+00', '2024-06-17 14:22:35.497189+00', NULL, NULL, '', '', NULL, '', 0, NULL, '', NULL, false, NULL, false);


--
-- Data for Name: identities; Type: TABLE DATA; Schema: auth; Owner: supabase_auth_admin
--

INSERT INTO "auth"."identities" ("provider_id", "user_id", "identity_data", "provider", "last_sign_in_at", "created_at", "updated_at", "id") VALUES
	('de351e75-782e-4df7-9c1f-6c388c80276d', 'de351e75-782e-4df7-9c1f-6c388c80276d', '{"sub": "de351e75-782e-4df7-9c1f-6c388c80276d", "email": "rarira@gmail.com", "email_verified": false, "phone_verified": false}', 'email', '2024-05-03 04:01:01.755571+00', '2024-05-03 04:01:01.755628+00', '2024-05-03 04:01:01.755628+00', 'ba62cbbc-edde-4448-ab7a-e9dcb4574d70'),
	('6adf10e4-9f7c-4cf8-956f-ef3238c9d961', '6adf10e4-9f7c-4cf8-956f-ef3238c9d961', '{"sub": "6adf10e4-9f7c-4cf8-956f-ef3238c9d961", "email": "potener36@gmail.com", "email_verified": false, "phone_verified": false}', 'email', '2024-06-16 10:57:30.559008+00', '2024-06-16 10:57:30.559598+00', '2024-06-16 10:57:30.559598+00', '82f2a932-7b3f-4f3b-84b9-f810941d06e2');


--
-- Data for Name: instances; Type: TABLE DATA; Schema: auth; Owner: supabase_auth_admin
--



--
-- Data for Name: sessions; Type: TABLE DATA; Schema: auth; Owner: supabase_auth_admin
--

INSERT INTO "auth"."sessions" ("id", "user_id", "created_at", "updated_at", "factor_id", "aal", "not_after", "refreshed_at", "user_agent", "ip", "tag") VALUES
	('2e9dba0c-cfaa-42ed-9657-a13e3172b311', 'de351e75-782e-4df7-9c1f-6c388c80276d', '2024-06-16 11:06:47.665189+00', '2024-06-16 11:06:47.665189+00', NULL, 'aal1', NULL, NULL, 'Mozilla/5.0 (Macintosh; Intel Mac OS X 10_15_7) AppleWebKit/537.36 (KHTML, like Gecko) Chrome/126.0.0.0 Safari/537.36', '116.121.43.246', NULL),
	('d562ddb9-20b8-4c3c-98ff-3a2f0fac33d7', 'de351e75-782e-4df7-9c1f-6c388c80276d', '2024-05-16 04:52:03.397511+00', '2024-06-17 14:22:35.503784+00', NULL, 'aal1', NULL, '2024-06-17 14:22:35.503697', 'Mozilla/5.0 (Macintosh; Intel Mac OS X 10_15_7) AppleWebKit/537.36 (KHTML, like Gecko) Chrome/126.0.0.0 Safari/537.36', '116.121.43.246', NULL),
	('fa085e73-e360-4ccf-a30d-3da92e786b23', 'de351e75-782e-4df7-9c1f-6c388c80276d', '2024-06-08 13:12:33.21369+00', '2024-06-10 01:48:24.601146+00', NULL, 'aal1', NULL, '2024-06-10 01:48:24.601061', 'Mozilla/5.0 (Macintosh; Intel Mac OS X 10_15_7) AppleWebKit/537.36 (KHTML, like Gecko) Chrome/125.0.0.0 Safari/537.36', '116.121.43.246', NULL);


--
-- Data for Name: mfa_amr_claims; Type: TABLE DATA; Schema: auth; Owner: supabase_auth_admin
--

INSERT INTO "auth"."mfa_amr_claims" ("session_id", "created_at", "updated_at", "authentication_method", "id") VALUES
	('d562ddb9-20b8-4c3c-98ff-3a2f0fac33d7', '2024-05-16 04:52:03.400706+00', '2024-05-16 04:52:03.400706+00', 'password', 'cfa47b80-61d9-4b7c-8db7-2e2d85af6eb4'),
	('fa085e73-e360-4ccf-a30d-3da92e786b23', '2024-06-08 13:12:33.231793+00', '2024-06-08 13:12:33.231793+00', 'password', '5aa883d1-1c59-4eb6-b6a8-1365d909eff8'),
	('2e9dba0c-cfaa-42ed-9657-a13e3172b311', '2024-06-16 11:06:47.673254+00', '2024-06-16 11:06:47.673254+00', 'password', 'b44d60b9-6116-44e3-9b5a-7ce8c007fcc8');


--
-- Data for Name: mfa_factors; Type: TABLE DATA; Schema: auth; Owner: supabase_auth_admin
--



--
-- Data for Name: mfa_challenges; Type: TABLE DATA; Schema: auth; Owner: supabase_auth_admin
--



--
-- Data for Name: one_time_tokens; Type: TABLE DATA; Schema: auth; Owner: supabase_auth_admin
--



--
-- Data for Name: refresh_tokens; Type: TABLE DATA; Schema: auth; Owner: supabase_auth_admin
--

INSERT INTO "auth"."refresh_tokens" ("instance_id", "id", "token", "user_id", "revoked", "created_at", "updated_at", "parent", "session_id") VALUES
	('00000000-0000-0000-0000-000000000000', 35, '6myasOPhf7xYpE1EAltunA', 'de351e75-782e-4df7-9c1f-6c388c80276d', true, '2024-05-16 04:52:03.398709+00', '2024-05-16 12:42:54.422636+00', NULL, 'd562ddb9-20b8-4c3c-98ff-3a2f0fac33d7'),
	('00000000-0000-0000-0000-000000000000', 36, 'nnNeEHPbuc0m4IZcb-3Mlw', 'de351e75-782e-4df7-9c1f-6c388c80276d', true, '2024-05-16 12:42:54.427533+00', '2024-05-17 02:05:58.863071+00', '6myasOPhf7xYpE1EAltunA', 'd562ddb9-20b8-4c3c-98ff-3a2f0fac33d7'),
	('00000000-0000-0000-0000-000000000000', 37, 'T-CwtdydMcVXaZ_GXbGjKg', 'de351e75-782e-4df7-9c1f-6c388c80276d', true, '2024-05-17 02:05:58.870364+00', '2024-05-17 11:50:38.093381+00', 'nnNeEHPbuc0m4IZcb-3Mlw', 'd562ddb9-20b8-4c3c-98ff-3a2f0fac33d7'),
	('00000000-0000-0000-0000-000000000000', 38, 'LB9DcLlv3Yp361GAEg5rfA', 'de351e75-782e-4df7-9c1f-6c388c80276d', true, '2024-05-17 11:50:38.105774+00', '2024-05-18 12:01:41.731712+00', 'T-CwtdydMcVXaZ_GXbGjKg', 'd562ddb9-20b8-4c3c-98ff-3a2f0fac33d7'),
	('00000000-0000-0000-0000-000000000000', 39, 'KTz0X-CEZOwC8amXtXiKAA', 'de351e75-782e-4df7-9c1f-6c388c80276d', true, '2024-05-18 12:01:41.745809+00', '2024-05-18 13:00:27.29743+00', 'LB9DcLlv3Yp361GAEg5rfA', 'd562ddb9-20b8-4c3c-98ff-3a2f0fac33d7'),
	('00000000-0000-0000-0000-000000000000', 40, 'sFBE3fhtPAgO9tUOExPUlA', 'de351e75-782e-4df7-9c1f-6c388c80276d', true, '2024-05-18 13:00:27.302936+00', '2024-05-18 14:01:20.707321+00', 'KTz0X-CEZOwC8amXtXiKAA', 'd562ddb9-20b8-4c3c-98ff-3a2f0fac33d7'),
	('00000000-0000-0000-0000-000000000000', 41, 'cWpIPyPKyo-URcDGERXUGw', 'de351e75-782e-4df7-9c1f-6c388c80276d', true, '2024-05-18 14:01:20.708541+00', '2024-05-21 04:59:14.377717+00', 'sFBE3fhtPAgO9tUOExPUlA', 'd562ddb9-20b8-4c3c-98ff-3a2f0fac33d7'),
	('00000000-0000-0000-0000-000000000000', 42, 'eh9KUA-BbCP34YlT4S3hDg', 'de351e75-782e-4df7-9c1f-6c388c80276d', true, '2024-05-21 04:59:14.390382+00', '2024-05-21 06:08:57.404897+00', 'cWpIPyPKyo-URcDGERXUGw', 'd562ddb9-20b8-4c3c-98ff-3a2f0fac33d7'),
	('00000000-0000-0000-0000-000000000000', 43, 'zav1AEbUEiDpUG9mJY1cYw', 'de351e75-782e-4df7-9c1f-6c388c80276d', true, '2024-05-21 06:08:57.406184+00', '2024-06-04 07:04:54.958214+00', 'eh9KUA-BbCP34YlT4S3hDg', 'd562ddb9-20b8-4c3c-98ff-3a2f0fac33d7'),
	('00000000-0000-0000-0000-000000000000', 44, 'qlhifGT1CFQ85KlF564iNw', 'de351e75-782e-4df7-9c1f-6c388c80276d', true, '2024-06-04 07:04:54.965091+00', '2024-06-05 14:01:27.146613+00', 'zav1AEbUEiDpUG9mJY1cYw', 'd562ddb9-20b8-4c3c-98ff-3a2f0fac33d7'),
	('00000000-0000-0000-0000-000000000000', 45, 'AbpkRLmIbVhNbqj79WCLpw', 'de351e75-782e-4df7-9c1f-6c388c80276d', true, '2024-06-05 14:01:27.158709+00', '2024-06-07 03:57:20.141558+00', 'qlhifGT1CFQ85KlF564iNw', 'd562ddb9-20b8-4c3c-98ff-3a2f0fac33d7'),
	('00000000-0000-0000-0000-000000000000', 46, 'HI8Oc7uT5_LLrYvx-ObrTA', 'de351e75-782e-4df7-9c1f-6c388c80276d', true, '2024-06-07 03:57:20.155702+00', '2024-06-07 14:07:41.326926+00', 'AbpkRLmIbVhNbqj79WCLpw', 'd562ddb9-20b8-4c3c-98ff-3a2f0fac33d7'),
	('00000000-0000-0000-0000-000000000000', 48, '4T5wAsGpt0zd5OS3pwkjDA', 'de351e75-782e-4df7-9c1f-6c388c80276d', true, '2024-06-08 13:12:33.221108+00', '2024-06-10 01:48:24.583206+00', NULL, 'fa085e73-e360-4ccf-a30d-3da92e786b23'),
	('00000000-0000-0000-0000-000000000000', 49, '2-Ju0txhk0WtXP2er4H3QQ', 'de351e75-782e-4df7-9c1f-6c388c80276d', false, '2024-06-10 01:48:24.591868+00', '2024-06-10 01:48:24.591868+00', '4T5wAsGpt0zd5OS3pwkjDA', 'fa085e73-e360-4ccf-a30d-3da92e786b23'),
	('00000000-0000-0000-0000-000000000000', 47, '8ZbktzkfqXJxe2fkAwJ04Q', 'de351e75-782e-4df7-9c1f-6c388c80276d', true, '2024-06-07 14:07:41.333229+00', '2024-06-12 07:05:01.065943+00', 'HI8Oc7uT5_LLrYvx-ObrTA', 'd562ddb9-20b8-4c3c-98ff-3a2f0fac33d7'),
	('00000000-0000-0000-0000-000000000000', 50, 'hbLMfdgyC4W7sttJV41RHA', 'de351e75-782e-4df7-9c1f-6c388c80276d', true, '2024-06-12 07:05:01.071168+00', '2024-06-12 08:16:18.257922+00', '8ZbktzkfqXJxe2fkAwJ04Q', 'd562ddb9-20b8-4c3c-98ff-3a2f0fac33d7'),
	('00000000-0000-0000-0000-000000000000', 51, '4m7BZPnjcrqpV8_stRwzMA', 'de351e75-782e-4df7-9c1f-6c388c80276d', true, '2024-06-12 08:16:18.259502+00', '2024-06-12 09:14:43.478149+00', 'hbLMfdgyC4W7sttJV41RHA', 'd562ddb9-20b8-4c3c-98ff-3a2f0fac33d7'),
	('00000000-0000-0000-0000-000000000000', 52, 'cr1_K6gRMLGl6bxKB5KaIA', 'de351e75-782e-4df7-9c1f-6c388c80276d', true, '2024-06-12 09:14:43.481332+00', '2024-06-12 10:40:40.75584+00', '4m7BZPnjcrqpV8_stRwzMA', 'd562ddb9-20b8-4c3c-98ff-3a2f0fac33d7'),
	('00000000-0000-0000-0000-000000000000', 53, 'n5zP0yZzyayseRKa7MlRCw', 'de351e75-782e-4df7-9c1f-6c388c80276d', true, '2024-06-12 10:40:40.756995+00', '2024-06-12 11:38:34.961043+00', 'cr1_K6gRMLGl6bxKB5KaIA', 'd562ddb9-20b8-4c3c-98ff-3a2f0fac33d7'),
	('00000000-0000-0000-0000-000000000000', 54, 'xrfAPWISPyNVR7xuhbeplA', 'de351e75-782e-4df7-9c1f-6c388c80276d', true, '2024-06-12 11:38:34.962952+00', '2024-06-12 16:54:46.690655+00', 'n5zP0yZzyayseRKa7MlRCw', 'd562ddb9-20b8-4c3c-98ff-3a2f0fac33d7'),
	('00000000-0000-0000-0000-000000000000', 55, 'h4XFQqJVmvX-DmI82lJvuw', 'de351e75-782e-4df7-9c1f-6c388c80276d', true, '2024-06-12 16:54:46.692785+00', '2024-06-13 01:15:06.567793+00', 'xrfAPWISPyNVR7xuhbeplA', 'd562ddb9-20b8-4c3c-98ff-3a2f0fac33d7'),
	('00000000-0000-0000-0000-000000000000', 56, 'KkWSMHv9ZvGBXArEwc_CeA', 'de351e75-782e-4df7-9c1f-6c388c80276d', true, '2024-06-13 01:15:06.569862+00', '2024-06-13 02:13:15.907811+00', 'h4XFQqJVmvX-DmI82lJvuw', 'd562ddb9-20b8-4c3c-98ff-3a2f0fac33d7'),
	('00000000-0000-0000-0000-000000000000', 57, 'wmVewWa7Mv-PfN0EU9_MYw', 'de351e75-782e-4df7-9c1f-6c388c80276d', true, '2024-06-13 02:13:15.910498+00', '2024-06-13 03:11:10.502724+00', 'KkWSMHv9ZvGBXArEwc_CeA', 'd562ddb9-20b8-4c3c-98ff-3a2f0fac33d7'),
	('00000000-0000-0000-0000-000000000000', 58, 'BbZUc3h3OMLCAG6NkEweEw', 'de351e75-782e-4df7-9c1f-6c388c80276d', true, '2024-06-13 03:11:10.508637+00', '2024-06-13 04:09:01.012432+00', 'wmVewWa7Mv-PfN0EU9_MYw', 'd562ddb9-20b8-4c3c-98ff-3a2f0fac33d7'),
	('00000000-0000-0000-0000-000000000000', 59, 'VP6QdLo97VcTImikD5uNDQ', 'de351e75-782e-4df7-9c1f-6c388c80276d', true, '2024-06-13 04:09:01.013971+00', '2024-06-13 13:24:08.526894+00', 'BbZUc3h3OMLCAG6NkEweEw', 'd562ddb9-20b8-4c3c-98ff-3a2f0fac33d7'),
	('00000000-0000-0000-0000-000000000000', 60, 'rEEji0Tan7zopK6b8p7gTQ', 'de351e75-782e-4df7-9c1f-6c388c80276d', true, '2024-06-13 13:24:08.534735+00', '2024-06-13 14:22:12.809252+00', 'VP6QdLo97VcTImikD5uNDQ', 'd562ddb9-20b8-4c3c-98ff-3a2f0fac33d7'),
	('00000000-0000-0000-0000-000000000000', 61, '2P9wwR0l_k8GLy5C5eG4_A', 'de351e75-782e-4df7-9c1f-6c388c80276d', true, '2024-06-13 14:22:12.811982+00', '2024-06-13 15:23:19.380556+00', 'rEEji0Tan7zopK6b8p7gTQ', 'd562ddb9-20b8-4c3c-98ff-3a2f0fac33d7'),
	('00000000-0000-0000-0000-000000000000', 62, 'tbWaQ-RCHmXDwnp7ehkWtw', 'de351e75-782e-4df7-9c1f-6c388c80276d', true, '2024-06-13 15:23:19.383055+00', '2024-06-14 05:14:07.982455+00', '2P9wwR0l_k8GLy5C5eG4_A', 'd562ddb9-20b8-4c3c-98ff-3a2f0fac33d7'),
	('00000000-0000-0000-0000-000000000000', 63, 'qy0aeoRu4KW-h7qBAdU4hw', 'de351e75-782e-4df7-9c1f-6c388c80276d', true, '2024-06-14 05:14:07.986821+00', '2024-06-14 06:40:56.835613+00', 'tbWaQ-RCHmXDwnp7ehkWtw', 'd562ddb9-20b8-4c3c-98ff-3a2f0fac33d7'),
	('00000000-0000-0000-0000-000000000000', 64, 'hocBtB8SJPIxSairVdfQdA', 'de351e75-782e-4df7-9c1f-6c388c80276d', true, '2024-06-14 06:40:56.838826+00', '2024-06-14 10:59:37.456544+00', 'qy0aeoRu4KW-h7qBAdU4hw', 'd562ddb9-20b8-4c3c-98ff-3a2f0fac33d7'),
	('00000000-0000-0000-0000-000000000000', 65, 'QuSxgaLMPgwfHBUyylTaMQ', 'de351e75-782e-4df7-9c1f-6c388c80276d', true, '2024-06-14 10:59:37.45905+00', '2024-06-14 13:18:41.746602+00', 'hocBtB8SJPIxSairVdfQdA', 'd562ddb9-20b8-4c3c-98ff-3a2f0fac33d7'),
	('00000000-0000-0000-0000-000000000000', 66, 'qK9-SprydJRGOb5WtZOA3Q', 'de351e75-782e-4df7-9c1f-6c388c80276d', true, '2024-06-14 13:18:41.753388+00', '2024-06-14 14:16:33.169507+00', 'QuSxgaLMPgwfHBUyylTaMQ', 'd562ddb9-20b8-4c3c-98ff-3a2f0fac33d7'),
	('00000000-0000-0000-0000-000000000000', 67, 'kvVlvUpDjCiTIIWYpISR-w', 'de351e75-782e-4df7-9c1f-6c388c80276d', true, '2024-06-14 14:16:33.172122+00', '2024-06-14 15:20:44.084092+00', 'qK9-SprydJRGOb5WtZOA3Q', 'd562ddb9-20b8-4c3c-98ff-3a2f0fac33d7'),
	('00000000-0000-0000-0000-000000000000', 68, '7uBqktiG4mu5FWgxvmavEQ', 'de351e75-782e-4df7-9c1f-6c388c80276d', true, '2024-06-14 15:20:44.086619+00', '2024-06-14 16:18:55.925898+00', 'kvVlvUpDjCiTIIWYpISR-w', 'd562ddb9-20b8-4c3c-98ff-3a2f0fac33d7'),
	('00000000-0000-0000-0000-000000000000', 69, 't2tfwUKrzhOu10L0z8C-gw', 'de351e75-782e-4df7-9c1f-6c388c80276d', true, '2024-06-14 16:18:55.927888+00', '2024-06-15 10:45:45.196608+00', '7uBqktiG4mu5FWgxvmavEQ', 'd562ddb9-20b8-4c3c-98ff-3a2f0fac33d7'),
	('00000000-0000-0000-0000-000000000000', 72, 'meSTejs0_71Z7Fy5_6skvw', 'de351e75-782e-4df7-9c1f-6c388c80276d', false, '2024-06-16 11:06:47.668837+00', '2024-06-16 11:06:47.668837+00', NULL, '2e9dba0c-cfaa-42ed-9657-a13e3172b311'),
	('00000000-0000-0000-0000-000000000000', 70, 'sAl5vDF8jGAfUaGlAA0HjA', 'de351e75-782e-4df7-9c1f-6c388c80276d', true, '2024-06-15 10:45:45.212342+00', '2024-06-16 11:24:27.79469+00', 't2tfwUKrzhOu10L0z8C-gw', 'd562ddb9-20b8-4c3c-98ff-3a2f0fac33d7'),
	('00000000-0000-0000-0000-000000000000', 73, '3IBnFhJxq8KUptdE6t_abA', 'de351e75-782e-4df7-9c1f-6c388c80276d', true, '2024-06-16 11:24:27.797952+00', '2024-06-17 14:22:35.483018+00', 'sAl5vDF8jGAfUaGlAA0HjA', 'd562ddb9-20b8-4c3c-98ff-3a2f0fac33d7'),
	('00000000-0000-0000-0000-000000000000', 74, 'alQGCZyl01vmTF9bF88O-g', 'de351e75-782e-4df7-9c1f-6c388c80276d', false, '2024-06-17 14:22:35.494258+00', '2024-06-17 14:22:35.494258+00', '3IBnFhJxq8KUptdE6t_abA', 'd562ddb9-20b8-4c3c-98ff-3a2f0fac33d7');


--
-- Data for Name: sso_providers; Type: TABLE DATA; Schema: auth; Owner: supabase_auth_admin
--



--
-- Data for Name: saml_providers; Type: TABLE DATA; Schema: auth; Owner: supabase_auth_admin
--



--
-- Data for Name: saml_relay_states; Type: TABLE DATA; Schema: auth; Owner: supabase_auth_admin
--



--
-- Data for Name: sso_domains; Type: TABLE DATA; Schema: auth; Owner: supabase_auth_admin
--



--
-- Data for Name: key; Type: TABLE DATA; Schema: pgsodium; Owner: supabase_admin
--



--
-- Data for Name: categories; Type: TABLE DATA; Schema: public; Owner: postgres
--

INSERT INTO "public"."categories" ("id", "created_at", "name", "extra_info") VALUES
	(2, '2024-05-08 08:48:32.011796+00', '', NULL),
	(1, '2024-05-08 08:45:07.672191+00', '', 'ClassScore');


--
-- Data for Name: contacts; Type: TABLE DATA; Schema: public; Owner: postgres
--

INSERT INTO "public"."contacts" ("id", "created_at", "name", "email", "phone_no", "content", "replied") VALUES
	(18, '2024-06-04 06:38:48.266055+00', 'Inseong Park', 'rariradev@gmail.com', '01064569520', 'qhrhtlvdh', true),
	(19, '2024-06-04 07:49:02.491781+00', '', 'rarira@gmail.com', '', '  ?', true),
	(25, '2024-06-16 10:59:07.880757+00', 'Inseong Park', 'rariradev@gmail.com', '', 'hihihihihi', true);


--
-- Data for Name: users; Type: TABLE DATA; Schema: public; Owner: postgres
--

INSERT INTO "public"."users" ("id", "created_at", "first_name", "email", "last_name", "user_id") VALUES
	(1, '2024-05-02 10:54:27.657782+00', 'Ethan', 'rarira@gmail.com', 'Park', 'de351e75-782e-4df7-9c1f-6c388c80276d'),
	(2, '2024-06-16 11:31:23.449157+00', 'Lizzy', 'potener36@gmail.com', 'Choi', '6adf10e4-9f7c-4cf8-956f-ef3238c9d961');


--
-- Data for Name: posts; Type: TABLE DATA; Schema: public; Owner: postgres
--

INSERT INTO "public"."posts" ("id", "created_at", "title", "body", "published_at", "teaser", "backlinks", "image", "category_id", "author_id", "views", "extra_info") VALUES
	(5, '2024-05-07 10:56:40.203925+00', 'Ashtanga', '<h4><strong>Ashtanga&nbsp;Yoga?</strong></h4><p>&nbsp;&nbsp;&nbsp;&nbsp;(Vinyasa)&nbsp;&nbsp;&nbsp;&nbsp;&nbsp;&nbsp;.&nbsp;&nbsp;&nbsp;&nbsp;&nbsp;&nbsp;&nbsp;&nbsp;&nbsp;&nbsp;&nbsp;&nbsp;&nbsp;,&nbsp;&nbsp;&nbsp;,&nbsp;&nbsp;&nbsp;&nbsp;&nbsp;&nbsp;&nbsp;&nbsp;&nbsp;&nbsp;.</p><ul><li><p><a target="_blank" rel="noopener noreferrer nofollow" href="https://tristhana.modoo.at/?link=1t4ttnri#"><img src="https://modo-phinf.pstatic.net/20191014_159/15710468325654QU0K_JPEG/mosaSsWObM.jpeg?type=f540_540" alt=""></a></p></li><li><p><a target="_blank" rel="noopener noreferrer nofollow" href="https://tristhana.modoo.at/?link=1t4ttnri#"><img src="https://modo-phinf.pstatic.net/20191014_199/1571046833112t19Au_JPEG/mosataZC31.jpeg?type=f540_540" alt=""></a></p></li></ul><h4><strong>&nbsp;&nbsp;</strong></h4><p>&nbsp;&nbsp;&nbsp;&nbsp;&nbsp;(parampara)&nbsp;&nbsp;,&nbsp;&nbsp;(Tirumalai&nbsp;Krishnamacharya)&nbsp;&nbsp;&nbsp;&nbsp;.&nbsp;&nbsp;&nbsp;&nbsp;&nbsp;,&nbsp;&nbsp;&nbsp;&nbsp;&nbsp;&nbsp;&nbsp;&nbsp;&nbsp;&nbsp;&nbsp;.<br><br>(K.&nbsp;Pattabhi&nbsp;Jois)&nbsp;&nbsp;&nbsp;&nbsp;&nbsp;,&nbsp;&nbsp;12&nbsp;&nbsp;&nbsp;&nbsp;&nbsp;&nbsp;&nbsp;&nbsp;&nbsp;&nbsp;&nbsp;&nbsp;,&nbsp;&nbsp;&nbsp;&nbsp;(Mysore)&nbsp;Ashtanga&nbsp;Yoga&nbsp;Institute&nbsp;&nbsp;&nbsp;&nbsp;&nbsp;&nbsp;.&nbsp;&nbsp;&nbsp;&nbsp;&nbsp;&nbsp;&nbsp;&nbsp;&nbsp;&nbsp;&nbsp;&nbsp;,&nbsp;&nbsp;&nbsp;&nbsp;&nbsp;&nbsp;&nbsp;&nbsp;&nbsp;&nbsp;&nbsp;70&nbsp;&nbsp;&nbsp;&nbsp;93&nbsp;&nbsp;.<br><br>&nbsp;&nbsp;&nbsp;(R.&nbsp;Sharath&nbsp;Jois)&nbsp;&nbsp;,&nbsp;&nbsp;&nbsp;&nbsp;&nbsp;&nbsp;&nbsp;Sharath&nbsp;Yoga&nbsp;Centre&nbsp;&nbsp;&nbsp;&nbsp;&nbsp;&nbsp;,&nbsp;&nbsp;&nbsp;&nbsp;&nbsp;&nbsp;&nbsp;&nbsp;&nbsp;.</p><ul><li><p><a target="_blank" rel="noopener noreferrer nofollow" href="https://tristhana.modoo.at/?link=1t4ttnri#"><img src="https://modo-phinf.pstatic.net/20200129_159/1580272313012jz5ji_PNG/mosaUdwopa.png?type=f353_353" alt=""></a></p></li><li><p><a target="_blank" rel="noopener noreferrer nofollow" href="https://tristhana.modoo.at/?link=1t4ttnri#"><img src="https://modo-phinf.pstatic.net/20200129_20/1580272313500kCmHh_JPEG/mosapKuls8.jpeg?type=f353_353" alt=""></a></p></li><li><p><a target="_blank" rel="noopener noreferrer nofollow" href="https://tristhana.modoo.at/?link=1t4ttnri#"><img src="https://modo-phinf.pstatic.net/20200129_111/1580272313927cb7iE_JPEG/mosa4YZJB7.jpeg?type=f353_353" alt=""></a></p></li></ul><h4><strong>&nbsp;&nbsp;8</strong></h4><ul><li><p><strong><em><span style="color: rgb(34, 34, 34)">1</span></em></strong>Yama(:)</p></li><li><p><strong><em><span style="color: rgb(34, 34, 34)">2</span></em></strong>Niyama(:&nbsp;)</p></li><li><p><strong><em><span style="color: rgb(34, 34, 34)">3</span></em></strong>Asana(:)</p></li><li><p><strong><em><span style="color: rgb(34, 34, 34)">4</span></em></strong>Pranayama(:)</p></li><li><p><strong><em><span style="color: rgb(34, 34, 34)">5</span></em></strong>Pratyahara(:)</p></li><li><p><strong><em><span style="color: rgb(34, 34, 34)">6</span></em></strong>Dharana(:)</p></li><li><p><strong><em><span style="color: rgb(34, 34, 34)">7</span></em></strong>Dhyana(:)</p></li><li><p><strong><em><span style="color: rgb(34, 34, 34)">8</span></em></strong>Samadhi(:,)</p></li></ul><h4><strong>&nbsp;&nbsp;&nbsp;(Tristhana)</strong></h4><p>&nbsp;&nbsp;&nbsp;&nbsp;&nbsp;&nbsp;&nbsp;&nbsp;(Tristhana).&nbsp;&nbsp;&nbsp;&nbsp;&nbsp;(Breath),&nbsp;(Asana)&nbsp;&nbsp;(Drishti:)&nbsp;&nbsp;&nbsp;.&nbsp;&nbsp;3&nbsp;&nbsp;&nbsp;&nbsp;&nbsp;&nbsp;&nbsp;&nbsp;&nbsp;&nbsp;&nbsp;&nbsp;&nbsp;&nbsp;.&nbsp;<br><br>&nbsp;&nbsp;&nbsp;&nbsp;&nbsp;&nbsp;.&nbsp;&nbsp;&nbsp;&nbsp;&nbsp;&nbsp;&nbsp;&nbsp;&nbsp;..&nbsp;&nbsp;&nbsp;&nbsp;&nbsp;&nbsp;&nbsp;&nbsp;&nbsp;&nbsp;&nbsp;.&nbsp;&nbsp;&nbsp;&nbsp;&nbsp;.&nbsp;&nbsp;&nbsp;&nbsp;&nbsp;&nbsp;,&nbsp;&nbsp;&nbsp;&nbsp;&nbsp;&nbsp;&nbsp;&nbsp;.<br><br>&nbsp;&nbsp;&nbsp;&nbsp;&nbsp;&nbsp;,&nbsp;&nbsp;&nbsp;&nbsp;&nbsp;&nbsp;&nbsp;&nbsp;&nbsp;&nbsp;&nbsp;&nbsp;&nbsp;&nbsp;.&nbsp;&nbsp;&nbsp;&nbsp;&nbsp;&nbsp;&nbsp;&nbsp;&nbsp;&nbsp;&nbsp;&nbsp;&nbsp;&nbsp;&nbsp;.&nbsp;&nbsp;&nbsp;&nbsp;&nbsp;&nbsp;&nbsp;&nbsp;&nbsp;&nbsp;&nbsp;,&nbsp;&nbsp;&nbsp;&nbsp;,&nbsp;,&nbsp;&nbsp;&nbsp;&nbsp;&nbsp;&nbsp;&nbsp;&nbsp;.&nbsp;&nbsp;&nbsp;,&nbsp;&nbsp;&nbsp;&nbsp;&nbsp;&nbsp;&nbsp;&nbsp;&nbsp;&nbsp;&nbsp;&nbsp;&nbsp;..<br><br>&nbsp;&nbsp;&nbsp;&nbsp;(Drishti)&nbsp;&nbsp;.&nbsp;&nbsp;&nbsp;&nbsp;&nbsp;&nbsp;&nbsp;&nbsp;&nbsp;&nbsp;&nbsp;.&nbsp;&nbsp;&nbsp;&nbsp;&nbsp;&nbsp;&nbsp;,&nbsp;&nbsp;&nbsp;&nbsp;&nbsp;&nbsp;&nbsp;&nbsp;&nbsp;&nbsp;.&nbsp;&nbsp;&nbsp;&nbsp;&nbsp;&nbsp;&nbsp;&nbsp;&nbsp;&nbsp;,&nbsp;&nbsp;&nbsp;&nbsp;&nbsp;&nbsp;&nbsp;&nbsp;&nbsp;.&nbsp;&nbsp;1)&nbsp;&nbsp;(Bhrumadhya)&nbsp;2)&nbsp;(Urdhva)&nbsp;3)&nbsp;(Nasagra)&nbsp;4)&nbsp;(Nabhi&nbsp;Chakra)&nbsp;5)&nbsp;(Hastagram)&nbsp;6)(Padayogram)&nbsp;7)&nbsp;(Angusthamadhyam)&nbsp;8)&nbsp;(Parsva)&nbsp;&nbsp;9)&nbsp;(Parsva)&nbsp;&nbsp;9&nbsp;&nbsp;.</p><h4><strong>&nbsp;&nbsp;</strong></h4><ul><li><p><span>1</span>&nbsp;(Mysore&nbsp;Style)&nbsp;</p></li></ul><p>&nbsp;&nbsp;&nbsp;&nbsp;&nbsp;&nbsp;Mysore(&nbsp;&nbsp;)&nbsp;&nbsp;&nbsp;&nbsp;&nbsp;&nbsp;&nbsp;&nbsp;&nbsp;&nbsp;&nbsp;&nbsp;&nbsp;&nbsp;&nbsp;&nbsp;.&nbsp;&nbsp;&nbsp;1:1&nbsp;&nbsp;&nbsp;&nbsp;&nbsp;&nbsp;&nbsp;&nbsp;&nbsp;,&nbsp;&nbsp;&nbsp;&nbsp;&nbsp;&nbsp;&nbsp;&nbsp;.&nbsp;&nbsp;&nbsp;&nbsp;&nbsp;&nbsp;&nbsp;&nbsp;&nbsp;&nbsp;&nbsp;,&nbsp;&nbsp;&nbsp;&nbsp;&nbsp;&nbsp;.&nbsp;&nbsp;&nbsp;&nbsp;&nbsp;&nbsp;&nbsp;&nbsp;&nbsp;&nbsp;&nbsp;&nbsp;&nbsp;&nbsp;&nbsp;&nbsp;&nbsp;&nbsp;&nbsp;&nbsp;&nbsp;.&nbsp;&nbsp;&nbsp;&nbsp;&nbsp;&nbsp;&nbsp;&nbsp;&nbsp;&nbsp;&nbsp;&nbsp;&nbsp;.<br><br>&nbsp;&nbsp;&nbsp;&nbsp;&nbsp;&nbsp;&nbsp;&nbsp;&nbsp;&nbsp;&nbsp;&nbsp;&nbsp;.&nbsp;&nbsp;&nbsp;&nbsp;&nbsp;&nbsp;&nbsp;&nbsp;&nbsp;&nbsp;&nbsp;&nbsp;&nbsp;&nbsp;&nbsp;&nbsp;&nbsp;.&nbsp;</p><ul><li><p><a target="_blank" rel="noopener noreferrer nofollow" href="https://tristhana.modoo.at/?link=1t4ttnri#"><img src="https://modo-phinf.pstatic.net/20200129_163/1580273913427jy10L_JPEG/mosauJDf4f.jpeg?type=f540_540" alt=""></a></p></li><li><p><a target="_blank" rel="noopener noreferrer nofollow" href="https://tristhana.modoo.at/?link=1t4ttnri#"><img src="https://modo-phinf.pstatic.net/20200129_43/15802739143863EyRr_JPEG/mosaVGxg0j.jpeg?type=f540_540" alt=""></a></p></li></ul><ul><li><p><span>1</span>&nbsp;(Led&nbsp;Class)</p></li></ul><p>&nbsp;&nbsp;&nbsp;&nbsp;&nbsp;&nbsp;&nbsp;&nbsp;&nbsp;&nbsp;&nbsp;&nbsp;&nbsp;&nbsp;&nbsp;.&nbsp;<br><br>&nbsp;&nbsp;&nbsp;&nbsp;&nbsp;&nbsp;&nbsp;&nbsp;&nbsp;&nbsp;&nbsp;&nbsp;&nbsp;.&nbsp;&nbsp;&nbsp;&nbsp;&nbsp;&nbsp;&nbsp;&nbsp;&nbsp;&nbsp;&nbsp;&nbsp;&nbsp;&nbsp;&nbsp;&nbsp;&nbsp;&nbsp;.<br><br>&nbsp;&nbsp;&nbsp;&nbsp;&nbsp;&nbsp;&nbsp;&nbsp;&nbsp;&nbsp;&nbsp;&nbsp;&nbsp;&nbsp;&nbsp;&nbsp;&nbsp;&nbsp;&nbsp;&nbsp;&nbsp;&nbsp;&nbsp;&nbsp;&nbsp;.</p><ul><li><p><a target="_blank" rel="noopener noreferrer nofollow" href="https://tristhana.modoo.at/?link=1t4ttnri#"><img src="https://modo-phinf.pstatic.net/20200129_19/15802739877996b6R1_JPEG/mosaAhwo7l.jpeg?type=f353_353" alt=""></a></p></li><li><p><a target="_blank" rel="noopener noreferrer nofollow" href="https://tristhana.modoo.at/?link=1t4ttnri#"><img src="https://modo-phinf.pstatic.net/20200129_237/15802739886246iCCB_JPEG/mosaDT0i6S.jpeg?type=f353_353" alt=""></a></p></li><li><p><a target="_blank" rel="noopener noreferrer nofollow" href="https://tristhana.modoo.at/?link=1t4ttnri#"><img src="https://modo-phinf.pstatic.net/20200129_219/1580273989461P0m1J_JPEG/mosaAchg4r.jpeg?type=f353_353" alt=""></a></p></li></ul><h4><strong>&nbsp;&nbsp;&nbsp;</strong></h4><p>1)&nbsp;Primary&nbsp;Series<br>&nbsp;&nbsp;&nbsp;&nbsp;&nbsp;&nbsp;&nbsp;&nbsp;.&nbsp;&nbsp;&nbsp;&nbsp;&nbsp;&nbsp;&nbsp;&nbsp;&nbsp;,&nbsp;&nbsp;&nbsp;&nbsp;&nbsp;&nbsp;&nbsp;.&nbsp;,&nbsp;,&nbsp;,&nbsp;,&nbsp;&nbsp;&nbsp;,&nbsp;&nbsp;&nbsp;&nbsp;&nbsp;&nbsp;&nbsp;&nbsp;&nbsp;&nbsp;&nbsp;&nbsp;&nbsp;&nbsp;&nbsp;&nbsp;&nbsp;,&nbsp;&nbsp;&nbsp;&nbsp;&nbsp;&nbsp;&nbsp;&nbsp;&nbsp;.<br><br>2)&nbsp;Intermediate&nbsp;Series<br>Second&nbsp;Series&nbsp;&nbsp;&nbsp;&nbsp;&nbsp;&nbsp;&nbsp;&nbsp;&nbsp;&nbsp;&nbsp;&nbsp;&nbsp;&nbsp;,&nbsp;&nbsp;&nbsp;,&nbsp;&nbsp;&nbsp;&nbsp;&nbsp;&nbsp;.&nbsp;<br><br>3)&nbsp;Advanced&nbsp;Series<br>&nbsp;&nbsp;&nbsp;&nbsp;&nbsp;,&nbsp;&nbsp;A,&nbsp;B,&nbsp;C,&nbsp;D&nbsp;4&nbsp;&nbsp;&nbsp;&nbsp;.</p><h4><strong>&nbsp;&nbsp;/</strong></h4><p>A. &nbsp;&nbsp;&nbsp;&nbsp;&nbsp;&nbsp;&nbsp;&nbsp;&nbsp;.<br>B. &nbsp;&nbsp;&nbsp;,&nbsp;&nbsp;(&nbsp;&nbsp;&nbsp;&nbsp;)&nbsp;.<br>C. &nbsp;&nbsp;&nbsp;&nbsp;&nbsp;&nbsp;&nbsp;(,&nbsp;&nbsp;&nbsp;)<br>D. &nbsp;&nbsp;&nbsp;&nbsp;.<br>E. &nbsp;&nbsp;&nbsp;&nbsp;.<br>F. &nbsp;&nbsp;&nbsp;&nbsp;&nbsp;&nbsp;&nbsp;&nbsp;&nbsp;6&nbsp;&nbsp;&nbsp;.<br>G. &nbsp;&nbsp;&nbsp;&nbsp;&nbsp;&nbsp;&nbsp;&nbsp;&nbsp;&nbsp;&nbsp;.&nbsp;<br>H. &nbsp;&nbsp;&nbsp;&nbsp;&nbsp;.<br>I. &nbsp;&nbsp;&nbsp;&nbsp;.&nbsp;&nbsp;&nbsp;&nbsp;&nbsp;&nbsp;.<br>J. &nbsp;&nbsp;&nbsp;&nbsp;&nbsp;&nbsp;.<br>K. &nbsp;&nbsp;&nbsp;&nbsp;&nbsp;.&nbsp;&nbsp;&nbsp;&nbsp;&nbsp;&nbsp;&nbsp;&nbsp;&nbsp;&nbsp;&nbsp;&nbsp;.&nbsp;&nbsp;&nbsp;&nbsp;&nbsp;&nbsp;&nbsp;&nbsp;<br>L. &nbsp;&nbsp;&nbsp;&nbsp;&nbsp;&nbsp;.<br>M. &nbsp;&nbsp;&nbsp;2&nbsp;&nbsp;&nbsp;.<br>N. &nbsp;&nbsp;&nbsp;&nbsp;&nbsp;&nbsp;&nbsp;&nbsp;.<br>O. &nbsp;&nbsp;&nbsp;&nbsp;&nbsp;&nbsp;.<br>P. &nbsp;&nbsp;&nbsp;&nbsp;&nbsp;.<br>Q. &nbsp;&nbsp;&nbsp;&nbsp;&nbsp;&nbsp;&nbsp;&nbsp;&nbsp;&nbsp;.</p><ul><li><p><a target="_blank" rel="noopener noreferrer nofollow" href="https://tristhana.modoo.at/?link=1t4ttnri#"><img src="https://modo-phinf.pstatic.net/20191201_72/1575171991786LQTVa_JPEG/mosax6TtBW.jpeg?type=f353_353" alt=""></a></p></li><li><p><a target="_blank" rel="noopener noreferrer nofollow" href="https://tristhana.modoo.at/?link=1t4ttnri#"><img src="https://modo-phinf.pstatic.net/20191201_114/1575171992395etN4e_JPEG/mosa2iAjX1.jpeg?type=f353_353" alt=""></a></p></li><li><p><a target="_blank" rel="noopener noreferrer nofollow" href="https://tristhana.modoo.at/?link=1t4ttnri#"><img src="https://modo-phinf.pstatic.net/20191201_116/1575171992970nh91C_JPEG/mosaqOzGB8.jpeg?type=f353_353" alt=""></a></p></li><li><p><a target="_blank" rel="noopener noreferrer nofollow" href="https://tristhana.modoo.at/?link=1t4ttnri#"><img src="https://modo-phinf.pstatic.net/20191201_269/15751719943106oo6n_JPEG/mosaRYTYCh.jpeg?type=f353_353" alt=""></a></p></li><li><p><a target="_blank" rel="noopener noreferrer nofollow" href="https://tristhana.modoo.at/?link=1t4ttnri#"><img src="https://modo-phinf.pstatic.net/20191201_271/1575171995447c0RIj_JPEG/mosa2LM8Nt.jpeg?type=f353_353" alt=""></a></p></li><li><p><a target="_blank" rel="noopener noreferrer nofollow" href="https://tristhana.modoo.at/?link=1t4ttnri#"><img src="https://modo-phinf.pstatic.net/20191201_24/1575171996187hxEvO_JPEG/mosaZozY6H.jpeg?type=f353_353" alt=""></a></p></li><li><p><a target="_blank" rel="noopener noreferrer nofollow" href="https://tristhana.modoo.at/?link=1t4ttnri#"><img src="https://modo-phinf.pstatic.net/20191201_154/1575171996939O9pTF_JPEG/mosaH1KvaY.jpeg?type=f353_353" alt=""></a></p></li><li><p><a target="_blank" rel="noopener noreferrer nofollow" href="https://tristhana.modoo.at/?link=1t4ttnri#"><img src="https://modo-phinf.pstatic.net/20191201_151/15751719977059TFsl_JPEG/mosaZoybZf.jpeg?type=f353_353" alt=""></a></p></li></ul>', '2024-05-07 10:54:37.466+00', '    (Vinyasa)      . ', '{"{\"url\": \"http://google.com\", \"date\": \"2024-05-07T10:54:25.161Z\"}"}', '{"id": "0df4d424-e5b0-4c97-a70a-a6f58698430e", "fullPath": "images/posts/de351e75-782e-4df7-9c1f-6c388c80276d-f41da9a5-f776-4782-8fb8-1129e5da8b75"}', 1, 'de351e75-782e-4df7-9c1f-6c388c80276d', 0, '{"aerobic": 1, "strength": 1, "endurance": 1, "flexibility": 1}'),
	(15, '2024-06-16 11:08:48.947857+00', '', '<p>adasdqwdwq</p><p>as</p><p>dasda</p><p>sdas</p><p>d</p><p>qwd</p><p>qwf</p>', '2024-06-16 11:07:09.492+00', ';;', '{"{\"url\": \"http://google.com\", \"date\": \"2024-06-16T11:05:55.487Z\"}"}', '{"id": "9a5eff14-8170-4616-a5ef-d8cb4f3929d3", "fullPath": "images/posts/de351e75-782e-4df7-9c1f-6c388c80276d-e35ae702-e541-433c-9577-9256e1fe74c2"}', 1, 'de351e75-782e-4df7-9c1f-6c388c80276d', 0, '{"aerobic": 2, "strength": 3, "endurance": 2, "flexibility": 3}'),
	(13, '2024-06-12 07:43:04.105908+00', 'Vinyasa', '<p><span>         .         .      .           .                . (    .)</span></p><p>&nbsp;</p><p><span>        .              .          .      .</span></p><p>&nbsp;</p><h2><span>1.  </span></h2><p><span>(Vinyasa)  ''Vinyas''  . </span><strong><span style="color: rgb(0, 109, 215)">'''', ''''  .</span></strong> ,           .  ''(Flow) ''  .</p><p>&nbsp;</p><h2><span>2.   </span></h2><p><span>       .          . </span><strong><span style="color: rgb(0, 109, 215)">      ,  ,  </span></strong>         .</p><p>&nbsp;</p><p><span>           .          .            .      , ,       .</span></p><p>&nbsp;</p><p></p><p><span><img src="https://blog.kakaocdn.net/dn/5dW14/btrkJmKwEL8/R2EhgQrZuLLDVakVCEkXpk/img.jpg"></span></p><p> ?</p><p></p><h2><span>3.  </span></h2><p><span>            .      ,      .    '' ''  .</span></p><p>&nbsp;</p><h4><span>3-1.  </span></h4><p><span>    ''''      .       .&nbsp;</span></p><ul><li><p><span style="color: rgb(51, 51, 51)">     ''~''    .</span></p></li><li><p><span style="color: rgb(51, 51, 51)">  ''~''    .</span></p></li><li><p><span style="color: rgb(51, 51, 51)">      .      ''''   .</span></p></li></ul><p>&nbsp;</p><h4><span>3-2.  </span></h4><p><span>         .  </span><span style="color: rgb(51, 51, 51)">     ()  .</span></p><ul><li><p><span>      .       .</span></p></li><li><p><span>      .      .&nbsp;</span></p></li></ul><p>&nbsp;</p><p><span>,        ,           .         .              .&nbsp;</span></p><p>&nbsp;</p><h2><span>4.  </span></h2><p><span>         ,    .       .</span></p><p>&nbsp;</p><p></p><p><span><img src="https://blog.kakaocdn.net/dn/cSB6Ce/btrkK7ZCmjr/1AD58OkiQqYISP5COocJS1/img.png"></span></p><p> </p><p></p><ul><li><p><span style="color: rgb(51, 51, 51)">  </span></p></li><li><p><span style="color: rgb(51, 51, 51)"></span></p></li><li><p><span style="color: rgb(51, 51, 51)">  ()</span></p></li><li><p><span style="color: rgb(51, 51, 51)">    (, ,  ...)</span></p></li><li><p><span style="color: rgb(51, 51, 51)"></span></p></li><li><p><span style="color: rgb(51, 51, 51)"> ()</span></p></li></ul><p>&nbsp;</p><p><span>   ''(Surya Namaskar)''      .             .            ,      .</span></p><p>&nbsp;</p><hr><p><span>    . </span><strong><span style="color: rgb(0, 109, 215)">   '' '' ''''            .</span></strong>           .          .</p><p>&nbsp;</p><p><span>               .   .              .&nbsp;</span></p>', '2024-06-12 07:40:36.268+00', '      ()         ', '{"{\"url\": \"https://duman.tistory.com/15http://google.com\", \"date\": \"2024-06-12T07:40:36.266Z\"}"}', '{"id": "d6c8d6cf-e1de-40ba-b933-5fed5966febc", "fullPath": "images/posts/de351e75-782e-4df7-9c1f-6c388c80276d-7215f096-4040-47b9-b6aa-74d546effa15"}', 1, 'de351e75-782e-4df7-9c1f-6c388c80276d', 0, '{"aerobic": 1, "strength": 1, "endurance": 1, "flexibility": 1}'),
	(14, '2024-06-12 07:48:53.679469+00', 'Hatha', '<p><span><br>?</span></p><p><span> </span><strong><span>'''' '''', '''' ''''</span></strong><span>    </span><strong><span>  </span></strong><span> .</span></p><p><span>  ,        ,            .</span></p><p><span>     (asana),    (pranayama)  (bandha) (mudra)   .</span></p><p><span></span></p><p><span> </span></p><p><span>1.      .</span></p><p><span>2.   , ,   .</span></p><p><span>3.   .</span></p><p><span>4.       .</span></p><p><span>5.   .</span></p><p><span>6.     .</span></p><p><span></span></p><p><img src="https://mblogthumb-phinf.pstatic.net/MjAyMjA4MzFfMzAg/MDAxNjYxOTM0NDY2NTcz.roHIDITrIVKEwpWp4IHT4iYm4-iROqPbWfQCIvXisMEg.XvOH2F9IRdoFBUTQvEY2G8S1AE5QlHjRa40P96964i4g.JPEG.natureyogapilates/%ED%95%98%ED%83%80%EC%9A%94%EA%B0%802.jpg?type=w800" alt=""></p><p><span> </span></p><p><span>      , 13     .    ,             ,             .   '' ''  .</span></p><p><span>      '' ''   .</span></p><p><span></span></p><p><span> </span></p><p><span>       ,   ,     .</span></p><p><span>     ,                .</span></p><p><img src="https://mblogthumb-phinf.pstatic.net/MjAyMjA4MzFfMTY0/MDAxNjYxOTM0NDk1OTgy.hamIxtDLugf4KswnI5Ur2gD-X-z1bjHUbIaNU7O-9JQg.fspfsDih8L51ABvK5fat61V6jfcozBcfR2r9KcbL4NEg.JPEG.natureyogapilates/%ED%95%98%ED%83%80%EC%9A%94%EA%B0%801.jpg?type=w800" alt=""></p>', '2024-06-12 07:44:47.763+00', '    (asana),    (pranayama)  (bandha) (mudra)   .', '{"{\"url\": \"http://google.com\", \"date\": \"2024-06-12T07:40:36.266Z\"}"}', '{"id": "02160b20-9127-47de-8aef-17df576cd60d", "fullPath": "images/posts/de351e75-782e-4df7-9c1f-6c388c80276d-146c4d7d-91a6-4a5e-817e-14d0bda5a40a"}', 1, 'de351e75-782e-4df7-9c1f-6c388c80276d', 0, '{"aerobic": 1, "strength": 2, "endurance": 2, "flexibility": 1}');


--
-- Data for Name: buckets; Type: TABLE DATA; Schema: storage; Owner: supabase_storage_admin
--

INSERT INTO "storage"."buckets" ("id", "name", "owner", "created_at", "updated_at", "public", "avif_autodetection", "file_size_limit", "allowed_mime_types", "owner_id") VALUES
	('images', 'images', NULL, '2024-05-07 10:28:40.433331+00', '2024-05-07 10:28:40.433331+00', true, false, 10485760, '{image/*}', NULL);


--
-- Data for Name: objects; Type: TABLE DATA; Schema: storage; Owner: supabase_storage_admin
--

INSERT INTO "storage"."objects" ("id", "bucket_id", "name", "owner", "created_at", "updated_at", "last_accessed_at", "metadata", "version", "owner_id") VALUES
	('41f3c556-1ba9-40aa-9ec2-4f9d27833dd0', 'images', 'posts/de351e75-782e-4df7-9c1f-6c388c80276d-146c4d7d-91a6-4a5e-817e-14d0bda5a40a', NULL, '2024-06-18 08:54:44.56357+00', '2024-06-18 08:54:53.400171+00', '2024-06-18 08:54:44.56357+00', '{"eTag": "\"f6c91bb01fb0d5f93435a74e21a1ffe1\"", "size": 93087, "mimetype": "image/jpeg", "cacheControl": "max-age=3600", "lastModified": "2024-06-18T08:54:54.000Z", "contentLength": 93087, "httpStatusCode": 200}', '49eb609e-7d2d-4a47-b6fd-84e50505ebf6', NULL),
	('f61c0846-532b-42a4-887c-820b986d11ed', 'images', 'posts/de351e75-782e-4df7-9c1f-6c388c80276d-7215f096-4040-47b9-b6aa-74d546effa15', NULL, '2024-06-18 08:54:44.590362+00', '2024-06-18 08:54:59.481794+00', '2024-06-18 08:54:44.590362+00', '{"eTag": "\"caa6c69af6368cc892d53deb22ebc857\"", "size": 219216, "mimetype": "image/jpeg", "cacheControl": "max-age=3600", "lastModified": "2024-06-18T08:55:00.000Z", "contentLength": 219216, "httpStatusCode": 200}', '56e0714e-775a-43f1-a74d-5994a25052b7', NULL),
	('7e7fbc13-28c8-46cb-83b4-4b8e00070edb', 'images', 'posts/de351e75-782e-4df7-9c1f-6c388c80276d-e35ae702-e541-433c-9577-9256e1fe74c2', NULL, '2024-06-18 08:54:44.517605+00', '2024-06-18 08:55:06.890606+00', '2024-06-18 08:54:44.517605+00', '{"eTag": "\"3dff6ef6d25c186e0f239781ae06b7b7\"", "size": 23432, "mimetype": "image/jpeg", "cacheControl": "max-age=3600", "lastModified": "2024-06-18T08:55:07.000Z", "contentLength": 23432, "httpStatusCode": 200}', '5e99b512-bf14-4a6e-9bc8-085934263f6b', NULL),
	('2f9d953e-9770-4aac-920f-c973f8e7ca7d', 'images', 'posts/de351e75-782e-4df7-9c1f-6c388c80276d-f41da9a5-f776-4782-8fb8-1129e5da8b75', NULL, '2024-06-18 08:54:44.744781+00', '2024-06-18 08:55:14.05832+00', '2024-06-18 08:54:44.744781+00', '{"eTag": "\"21ff19bdb22372cd383e261005c3330c\"", "size": 279415, "mimetype": "image/jpeg", "cacheControl": "max-age=3600", "lastModified": "2024-06-18T08:55:14.000Z", "contentLength": 279415, "httpStatusCode": 200}', '1816e193-8a97-4ff5-ad9f-2858e3d05de7', NULL);


--
-- Data for Name: s3_multipart_uploads; Type: TABLE DATA; Schema: storage; Owner: supabase_storage_admin
--



--
-- Data for Name: s3_multipart_uploads_parts; Type: TABLE DATA; Schema: storage; Owner: supabase_storage_admin
--



--
-- Data for Name: secrets; Type: TABLE DATA; Schema: vault; Owner: supabase_admin
--



--
-- Name: refresh_tokens_id_seq; Type: SEQUENCE SET; Schema: auth; Owner: supabase_auth_admin
--

SELECT pg_catalog.setval('"auth"."refresh_tokens_id_seq"', 74, true);


--
-- Name: key_key_id_seq; Type: SEQUENCE SET; Schema: pgsodium; Owner: supabase_admin
--

SELECT pg_catalog.setval('"pgsodium"."key_key_id_seq"', 1, false);


--
-- Name: categories_id_seq; Type: SEQUENCE SET; Schema: public; Owner: postgres
--

SELECT pg_catalog.setval('"public"."categories_id_seq"', 7, true);


--
-- Name: inquiries_id_seq; Type: SEQUENCE SET; Schema: public; Owner: postgres
--

SELECT pg_catalog.setval('"public"."inquiries_id_seq"', 25, true);


--
-- Name: posts_id_seq; Type: SEQUENCE SET; Schema: public; Owner: postgres
--

SELECT pg_catalog.setval('"public"."posts_id_seq"', 15, true);


--
-- Name: users_id_seq; Type: SEQUENCE SET; Schema: public; Owner: postgres
--

SELECT pg_catalog.setval('"public"."users_id_seq"', 1, true);


--
-- PostgreSQL database dump complete
--

RESET ALL;
